study_hours,attendance,parent_edu,gender,extra_classes,sleep_hours,score
5.99,70.8,HighSchool,Female,No,10.0,52.0
4.72,93.0,Bachelors,Female,Yes,7.4,44.6
6.3,79.9,Masters,Female,Yes,6.5,56.1
8.05,63.1,Masters,Female,No,4.4,57.8
4.53,62.3,HighSchool,Male,No,8.7,30.7
4.53,73.4,Bachelors,Male,Yes,5.4,55.9
8.16,91.4,HighSchool,Female,No,5.8,51.5
6.53,88.3,PhD,Male,Yes,6.6,51.8
4.06,91.5,PhD,Female,No,8.7,54.8
6.09,80.7,Bachelors,Female,No,7.9,54.8
4.07,77.6,Masters,Female,No,6.8,35.1
4.07,65.9,Bachelors,Female,No,7.4,40.9
5.48,73.1,Bachelors,Female,Yes,6.3,57.0
1.17,77.4,HighSchool,Female,No,7.2,22.7
1.55,63.5,Bachelors,Male,No,7.1,38.6
3.88,68.8,Bachelors,Male,No,8.2,25.9
2.97,83.9,Bachelors,Male,No,8.2,38.9
5.63,89.4,Bachelors,Female,No,7.6,56.8
3.18,99.9,Masters,Male,No,6.6,45.5
2.18,97.3,HighSchool,Female,Yes,7.9,34.1
7.93,85.7,Bachelors,Male,No,6.9,57.5
4.55,76.8,Bachelors,Female,No,5.7,43.6
5.14,85.4,Bachelors,Male,Yes,6.5,52.9
2.15,91.4,Bachelors,Female,No,7.1,36.2
3.91,64.7,HighSchool,Female,No,8.1,40.8
5.22,76.4,HighSchool,Male,No,6.8,35.7
2.7,93.6,Bachelors,Male,No,5.5,32.6
5.75,75.4,Bachelors,Female,No,7.1,41.7
3.8,82.9,HighSchool,Male,No,7.1,33.8
4.42,83.5,Bachelors,Male,Yes,7.2,50.5
3.8,67.4,Bachelors,Female,No,8.1,37.2
8.7,74.5,Bachelors,Female,Yes,8.2,81.1
4.97,73.4,Masters,Female,No,6.3,45.8
2.88,61.0,HighSchool,Male,No,6.3,27.1
6.65,61.0,HighSchool,Male,No,5.8,46.0
2.56,93.3,Masters,Female,No,7.8,33.5
5.42,70.9,Bachelors,Female,No,8.7,45.3
1.08,80.7,Bachelors,Female,No,6.6,31.6
2.34,71.9,Masters,Male,No,6.7,31.1
5.39,97.6,Masters,Male,No,8.8,47.1
6.48,70.4,PhD,Male,No,7.6,47.7
5.34,77.2,Bachelors,Male,Yes,7.5,45.2
4.77,94.9,Bachelors,Male,No,5.6,45.1
4.4,93.7,Bachelors,Male,Yes,7.8,53.8
2.04,67.4,HighSchool,Female,No,5.9,16.6
3.56,92.1,Bachelors,Male,No,5.6,36.1
4.08,78.3,HighSchool,Female,No,6.6,38.2
7.11,79.3,Masters,Female,Yes,6.3,48.6
5.69,65.3,Bachelors,Female,Yes,6.7,42.9
1.47,63.2,Bachelors,Male,No,5.3,17.6
5.65,89.1,Bachelors,Female,No,8.2,45.4
4.23,79.9,HighSchool,Female,No,8.4,40.5
3.65,77.5,HighSchool,Female,No,4.7,33.1
6.22,89.2,Bachelors,Female,No,8.2,49.7
7.06,90.6,HighSchool,Female,No,6.0,57.0
6.86,66.4,Bachelors,Female,No,8.0,61.9
3.32,84.4,Masters,Male,No,6.9,47.8
4.38,65.4,Masters,Female,Yes,7.0,31.9
5.66,90.1,Bachelors,Male,No,6.8,52.2
6.95,86.3,HighSchool,Female,Yes,8.5,56.2
4.04,98.3,Masters,Male,No,5.5,44.5
4.63,62.8,Masters,Male,Yes,7.7,41.2
2.79,62.3,HighSchool,Female,Yes,8.3,32.3
2.61,71.3,Bachelors,Female,No,7.9,32.2
6.63,70.5,HighSchool,Male,Yes,9.8,48.7
7.71,69.9,Masters,Male,Yes,6.4,54.4
4.86,96.3,PhD,Female,No,8.1,48.9
7.01,70.0,HighSchool,Male,Yes,6.9,53.9
5.72,70.9,Masters,Female,Yes,8.5,55.6
3.71,90.4,Bachelors,Male,No,7.0,44.3
5.72,78.0,PhD,Female,No,6.5,48.5
8.08,91.1,Bachelors,Female,No,8.6,64.6
4.93,62.6,Masters,Male,No,6.4,47.1
8.13,79.5,HighSchool,Male,No,5.3,63.2
0.0,61.3,HighSchool,Male,Yes,6.4,15.1
6.64,62.5,HighSchool,Female,No,7.7,46.2
5.17,96.3,PhD,Female,No,8.7,54.6
4.4,65.6,Masters,Female,No,7.1,33.8
5.18,81.3,Masters,Male,No,8.6,46.3
1.02,76.4,Masters,Male,Yes,5.4,31.5
4.56,73.9,HighSchool,Male,No,6.5,41.7
5.71,96.0,Bachelors,Male,No,6.7,48.5
7.96,60.9,HighSchool,Female,No,6.9,54.7
3.96,86.6,HighSchool,Female,Yes,7.1,36.7
3.38,98.5,HighSchool,Female,Yes,7.8,45.7
4.0,82.4,Bachelors,Male,Yes,6.5,41.3
6.83,97.5,HighSchool,Female,No,7.2,53.6
5.66,62.1,HighSchool,Female,Yes,6.9,43.0
3.94,76.8,HighSchool,Female,Yes,5.9,38.6
6.03,70.4,HighSchool,Female,No,6.9,43.0
5.19,89.2,PhD,Male,Yes,6.8,57.1
6.94,99.3,Masters,Male,No,6.8,56.6
3.6,70.3,PhD,Female,No,7.0,49.1
4.34,86.2,Bachelors,Male,No,7.1,50.3
4.22,67.9,HighSchool,Male,No,6.5,29.6
2.07,82.6,Masters,Female,No,8.5,33.5
5.59,78.6,HighSchool,Female,No,5.6,40.6
5.52,98.9,HighSchool,Female,Yes,6.1,49.5
5.01,84.3,HighSchool,Male,Yes,10.0,58.9
4.53,74.0,HighSchool,Male,No,5.8,35.5
2.17,64.6,HighSchool,Female,No,5.4,26.6
4.16,66.0,Bachelors,Female,No,7.9,41.2
4.31,69.0,Bachelors,Female,No,4.5,31.6
3.4,70.0,HighSchool,Female,No,6.7,27.2
4.68,94.0,HighSchool,Female,Yes,9.6,40.8
5.81,82.4,Masters,Female,No,5.1,44.8
8.77,80.9,HighSchool,Male,No,4.6,42.2
5.35,64.6,HighSchool,Female,No,5.2,43.5
5.52,94.4,Masters,Female,No,8.1,64.9
4.85,88.9,HighSchool,Female,Yes,8.3,48.1
1.16,62.7,HighSchool,Male,No,6.4,10.0
4.95,88.3,Bachelors,Female,No,7.8,42.5
5.12,81.7,HighSchool,Male,Yes,8.7,43.5
9.93,63.3,Bachelors,Female,No,9.1,60.8
4.62,78.3,Masters,Male,No,6.7,48.3
5.6,79.4,HighSchool,Female,No,4.2,48.8
4.93,66.6,Bachelors,Male,No,6.0,33.0
2.66,97.8,Bachelors,Male,Yes,6.5,42.5
7.29,94.0,HighSchool,Male,No,6.7,64.8
6.5,86.8,Bachelors,Female,No,6.8,64.7
6.58,78.5,HighSchool,Male,No,8.3,66.9
3.18,76.5,Bachelors,Male,Yes,8.5,32.0
7.81,86.0,HighSchool,Female,No,6.8,74.6
2.2,81.8,Bachelors,Male,No,8.3,28.4
6.17,62.5,HighSchool,Female,Yes,7.4,44.5
9.38,80.5,Masters,Female,No,7.1,70.5
3.02,92.3,HighSchool,Female,Yes,8.1,35.1
3.87,78.4,Bachelors,Male,No,7.1,40.0
5.2,62.1,Bachelors,Female,Yes,9.5,38.2
3.99,91.5,Bachelors,Male,No,5.3,38.5
1.9,68.1,Bachelors,Male,No,6.4,33.0
5.14,70.3,Bachelors,Male,No,6.8,41.8
2.88,66.6,Masters,Female,No,7.5,34.3
5.95,73.2,Masters,Male,No,8.5,52.5
3.16,90.3,HighSchool,Female,No,7.0,42.4
8.1,80.8,Bachelors,Female,Yes,5.3,52.4
3.43,68.2,Masters,Male,Yes,8.0,42.3
4.36,95.1,PhD,Male,No,7.9,46.2
6.63,95.2,Masters,Female,Yes,4.7,60.5
2.54,94.8,Bachelors,Female,No,7.0,41.5
5.45,69.6,HighSchool,Female,No,5.1,34.6
7.61,78.0,Bachelors,Male,No,6.2,49.7
1.79,99.4,Bachelors,Male,No,5.9,19.2
5.37,90.9,Bachelors,Male,No,8.0,44.7
5.52,61.1,Bachelors,Male,No,7.1,50.4
6.56,62.6,Masters,Male,No,5.5,48.3
2.53,78.6,Bachelors,Female,No,8.1,24.4
2.36,96.4,Masters,Male,Yes,5.3,34.8
6.04,81.5,Bachelors,Male,No,7.4,40.3
5.59,79.9,HighSchool,Female,No,6.0,38.2
5.5,64.2,Bachelors,Female,No,6.6,46.0
5.69,86.3,Masters,Male,Yes,7.6,46.5
3.64,92.9,HighSchool,Female,Yes,7.6,48.3
5.46,75.2,HighSchool,Male,No,8.6,43.2
5.59,91.0,PhD,Male,No,6.9,53.1
3.57,98.6,HighSchool,Male,No,7.4,36.6
8.73,68.2,Bachelors,Female,No,6.5,65.2
5.95,80.9,Bachelors,Male,No,7.2,53.2
2.62,71.5,Bachelors,Male,No,7.5,32.2
6.31,91.7,Bachelors,Male,No,6.9,55.7
3.05,83.1,HighSchool,Female,Yes,4.8,34.0
6.57,85.4,Bachelors,Male,No,7.4,55.9
7.32,91.9,Bachelors,Male,No,7.4,55.7
3.36,75.8,Bachelors,Male,No,6.2,34.1
6.93,96.6,HighSchool,Male,No,5.5,52.1
5.83,81.3,Bachelors,Female,No,8.8,47.1
6.64,66.3,HighSchool,Female,No,7.6,44.1
8.79,87.8,HighSchool,Male,No,6.7,64.7
4.51,91.7,HighSchool,Male,No,5.6,48.6
3.49,72.7,HighSchool,Male,Yes,6.0,42.0
3.22,94.3,Masters,Male,Yes,8.6,35.7
3.37,96.2,HighSchool,Male,No,7.2,44.4
4.85,71.1,Masters,Female,No,6.3,41.7
5.68,99.3,PhD,Female,No,7.6,59.7
5.55,65.6,Bachelors,Female,No,6.0,38.4
6.65,68.1,HighSchool,Female,No,8.8,50.1
5.03,67.4,Bachelors,Female,Yes,8.6,47.8
7.91,95.8,Masters,Female,Yes,6.4,58.0
4.47,86.2,Bachelors,Male,Yes,6.2,48.3
10.44,66.1,HighSchool,Female,No,4.0,73.5
6.25,77.6,Bachelors,Male,Yes,5.2,50.3
3.29,84.6,Masters,Male,No,5.4,45.2
2.86,63.3,Masters,Female,No,7.2,31.4
5.96,95.3,HighSchool,Male,No,6.6,54.3
4.55,92.1,Bachelors,Male,Yes,5.4,32.6
6.43,80.2,HighSchool,Female,No,6.7,64.1
5.95,98.7,HighSchool,Male,No,7.6,59.3
4.85,76.7,Masters,Male,No,7.6,42.7
3.31,99.4,HighSchool,Female,No,4.7,24.9
1.97,86.7,HighSchool,Female,Yes,6.8,33.3
4.11,85.4,HighSchool,Female,No,5.3,29.6
6.71,66.6,Masters,Male,No,8.1,54.6
5.43,95.3,Masters,Male,No,7.9,53.6
2.51,77.1,Bachelors,Female,No,5.9,25.3
5.35,66.5,Masters,Female,No,6.1,51.8
5.77,60.5,HighSchool,Female,Yes,6.4,50.0
3.23,82.4,Bachelors,Male,No,4.3,39.6
5.31,81.1,Bachelors,Male,No,7.4,45.5
5.12,88.8,HighSchool,Female,No,6.7,36.2
2.71,95.6,Bachelors,Male,No,8.2,41.6
5.72,63.2,Masters,Female,No,5.7,44.5
6.12,89.3,HighSchool,Male,No,6.3,40.3
7.17,67.5,HighSchool,Female,Yes,5.2,61.1
7.11,94.3,HighSchool,Female,No,5.8,67.9
2.24,92.8,HighSchool,Female,No,5.6,30.3
3.12,81.6,Masters,Male,No,8.2,50.0
6.03,88.4,Bachelors,Female,No,6.2,51.5
6.03,72.6,Bachelors,Female,No,7.1,45.9
6.03,78.8,Masters,Male,No,6.5,46.4
12.71,92.9,HighSchool,Female,No,5.5,92.7
6.14,78.4,Bachelors,Female,No,6.8,45.1
7.27,74.3,Bachelors,Female,No,7.7,59.5
6.91,79.8,Bachelors,Female,No,5.6,50.0
6.3,93.1,PhD,Male,No,8.0,54.4
4.37,73.4,Masters,Male,Yes,6.0,49.7
6.52,67.0,Bachelors,Male,No,6.4,45.9
3.45,88.5,Masters,Female,No,7.6,38.3
4.53,93.0,HighSchool,Female,Yes,6.2,52.1
4.03,64.0,HighSchool,Female,Yes,7.0,47.0
5.16,69.6,HighSchool,Male,No,6.6,43.9
9.63,65.7,HighSchool,Male,No,7.2,58.0
1.27,73.9,Bachelors,Female,No,4.1,20.1
6.37,78.0,Bachelors,Male,Yes,4.8,52.3
1.77,90.0,Masters,Male,No,7.7,33.6
4.06,86.0,Bachelors,Female,No,8.2,35.7
7.18,84.8,Bachelors,Male,No,5.9,59.1
5.13,74.1,HighSchool,Male,No,6.7,41.3
2.84,93.7,HighSchool,Male,No,7.4,23.3
3.57,78.9,Bachelors,Male,No,7.8,31.0
6.36,99.2,Bachelors,Female,No,4.6,50.9
3.54,85.4,Masters,Male,No,5.9,38.3
5.43,65.1,HighSchool,Male,No,6.6,51.8
5.09,87.0,HighSchool,Male,Yes,7.8,48.2
3.7,73.0,Bachelors,Female,Yes,10.0,36.1
9.29,87.5,HighSchool,Male,No,6.7,65.6
6.27,62.8,HighSchool,Female,No,5.3,42.4
0.95,67.0,Bachelors,Male,Yes,7.5,25.8
5.37,94.2,HighSchool,Male,Yes,8.6,53.5
3.68,69.1,Bachelors,Male,Yes,7.1,45.0
6.7,93.5,HighSchool,Female,No,5.9,53.0
3.41,71.2,HighSchool,Female,No,8.1,43.2
4.77,85.7,Bachelors,Male,No,7.8,49.3
6.01,87.8,Masters,Female,No,5.8,48.3
6.73,80.5,Bachelors,Female,No,7.5,66.8
2.6,72.2,Masters,Male,No,8.2,34.5
4.33,68.5,HighSchool,Female,Yes,8.4,35.5
4.05,61.3,Masters,Male,No,6.9,46.9
3.69,72.2,HighSchool,Female,No,6.6,46.7
8.53,86.1,Bachelors,Female,No,8.5,63.9
5.81,97.5,Bachelors,Female,Yes,5.5,51.3
2.48,94.8,Masters,Female,No,7.5,36.1
6.84,90.6,Bachelors,Male,No,5.4,58.3
9.24,91.5,HighSchool,Female,No,8.3,74.3
7.06,86.6,HighSchool,Male,Yes,6.7,59.4
1.96,70.4,Masters,Male,No,8.5,29.7
4.03,96.3,Bachelors,Female,Yes,7.6,55.2
7.53,86.8,Masters,Female,No,5.5,57.9
3.58,82.4,HighSchool,Female,No,8.7,42.9
5.89,64.4,HighSchool,Male,No,8.9,42.1
6.55,77.9,HighSchool,Female,No,8.1,53.0
3.15,78.4,PhD,Female,No,6.1,37.8
4.88,94.6,Bachelors,Male,No,6.6,45.3
0.0,81.9,Masters,Male,No,7.2,18.7
2.95,75.2,HighSchool,Male,No,6.2,38.0
4.49,99.1,Bachelors,Male,No,9.0,41.4
2.5,64.4,Bachelors,Female,No,7.2,24.5
8.26,76.9,HighSchool,Female,No,4.0,69.4
2.14,61.7,Masters,Female,No,7.4,34.6
4.12,89.6,Masters,Female,No,6.6,29.5
5.26,96.7,Masters,Male,No,6.9,46.7
7.88,71.2,Bachelors,Female,No,6.6,46.1
2.13,94.3,HighSchool,Male,No,8.0,24.8
7.33,71.7,HighSchool,Female,No,8.3,34.3
5.02,96.4,PhD,Male,No,7.3,50.2
3.04,90.2,HighSchool,Female,Yes,6.6,30.7
5.92,92.2,Bachelors,Male,Yes,7.0,53.9
5.4,60.7,Bachelors,Male,No,7.0,31.9
3.8,98.5,Bachelors,Female,No,6.0,42.2
5.14,89.1,PhD,Male,No,7.7,47.9
4.23,72.2,HighSchool,Female,No,7.6,46.4
5.23,93.2,HighSchool,Male,Yes,8.8,57.7
6.32,71.3,HighSchool,Female,No,8.5,52.8
8.17,94.9,Bachelors,Male,Yes,6.2,63.0
2.52,64.5,HighSchool,Male,No,8.0,38.4
9.27,88.1,HighSchool,Male,No,5.9,54.6
1.1,81.6,Masters,Male,Yes,7.8,21.3
4.7,63.9,Masters,Male,No,6.4,40.0
6.18,69.7,HighSchool,Male,No,5.8,58.3
5.56,60.5,Bachelors,Male,No,7.3,41.3
3.75,78.8,Masters,Male,Yes,4.0,39.4
4.58,72.1,HighSchool,Female,No,4.9,29.1
4.01,83.9,HighSchool,Female,Yes,6.8,46.9
3.82,71.9,HighSchool,Male,No,7.1,39.7
6.7,72.0,Bachelors,Female,No,6.6,55.9
5.71,89.7,HighSchool,Female,No,5.1,43.3
3.61,61.9,PhD,Male,Yes,6.0,35.2
6.8,96.1,Bachelors,Female,No,7.5,49.2
5.61,94.1,Bachelors,Male,No,7.7,50.2
6.63,86.7,HighSchool,Female,Yes,7.0,48.5
6.26,83.7,Bachelors,Male,No,8.4,44.2
3.34,95.7,Bachelors,Female,No,7.5,37.0
3.88,67.4,Masters,Female,Yes,6.1,38.0
6.49,63.2,Masters,Male,Yes,6.7,49.2
6.22,69.6,Bachelors,Male,No,5.3,49.5
4.96,91.8,Masters,Female,Yes,6.9,52.1
5.23,61.4,Masters,Male,Yes,8.3,44.9
7.56,83.3,Masters,Female,No,7.8,61.5
3.82,99.8,HighSchool,Female,No,8.7,35.5
6.09,94.2,HighSchool,Female,No,6.6,51.2
4.6,80.9,HighSchool,Female,No,8.6,42.4
4.56,62.5,Bachelors,Female,No,6.8,29.7
7.2,93.3,Bachelors,Female,Yes,8.8,68.0
6.65,84.0,Bachelors,Male,No,7.0,47.3
6.63,64.6,Masters,Male,No,7.8,51.5
7.61,63.8,Masters,Male,No,8.8,63.2
5.04,96.4,Masters,Female,No,6.8,55.4
6.36,86.8,HighSchool,Female,No,7.3,51.0
4.38,93.2,Bachelors,Male,Yes,8.5,44.6
5.65,95.2,HighSchool,Female,Yes,6.8,57.4
4.74,82.9,HighSchool,Male,No,5.4,44.0
5.19,80.7,HighSchool,Male,No,9.6,40.2
6.19,77.2,HighSchool,Female,No,6.4,42.8
3.36,72.7,Bachelors,Male,No,7.2,21.5
9.18,77.4,Masters,Female,No,8.4,68.5
2.99,91.0,HighSchool,Male,No,6.3,32.8
2.57,84.1,Bachelors,Female,Yes,5.8,42.4
7.32,95.7,Bachelors,Female,Yes,7.3,64.5
6.58,77.7,HighSchool,Male,No,4.8,55.8
6.25,84.3,Bachelors,Female,No,6.7,47.3
6.26,85.3,HighSchool,Female,No,7.3,56.8
4.98,83.7,Bachelors,Male,No,6.7,40.8
3.21,88.1,Bachelors,Male,Yes,5.1,42.9
5.15,69.5,HighSchool,Female,No,8.9,33.3
3.65,80.5,HighSchool,Male,No,7.1,36.3
6.95,64.2,Bachelors,Male,Yes,8.7,42.0
4.71,75.4,Masters,Male,No,6.7,41.4
3.35,79.5,HighSchool,Male,No,5.9,35.2
4.36,86.1,Bachelors,Female,Yes,7.3,42.5
5.83,98.0,Bachelors,Male,No,6.7,44.8
3.87,84.0,Masters,Male,No,5.6,45.0
3.36,89.7,Masters,Male,No,8.8,39.5
5.49,80.3,Bachelors,Male,No,6.3,42.7
5.49,85.4,Bachelors,Female,No,4.8,47.2
3.99,62.8,Masters,Male,Yes,8.6,56.6
4.06,70.2,Bachelors,Female,No,6.4,44.5
5.46,74.5,HighSchool,Male,No,6.3,49.3
2.1,78.9,HighSchool,Male,No,4.9,28.3
2.19,61.8,Masters,Female,No,9.1,30.9
3.56,65.6,Masters,Male,No,5.5,20.3
4.57,71.1,HighSchool,Female,No,7.1,34.5
5.62,98.9,Bachelors,Female,No,8.1,49.0
7.95,73.3,Bachelors,Male,No,7.5,45.9
6.72,79.3,HighSchool,Male,No,6.9,43.0
4.68,67.8,PhD,Female,No,5.0,31.6
4.96,84.4,HighSchool,Male,No,6.0,41.5
2.99,71.2,HighSchool,Male,No,7.2,34.7
4.96,68.3,Bachelors,Male,No,6.1,47.2
4.42,80.7,Bachelors,Male,No,7.2,43.3
5.65,60.2,HighSchool,Female,No,7.8,36.4
3.35,60.3,Bachelors,Male,No,8.2,20.3
6.04,68.8,Bachelors,Male,No,5.5,35.2
8.07,61.5,HighSchool,Female,No,9.6,47.8
4.78,64.3,HighSchool,Male,Yes,7.9,35.4
5.8,73.6,Bachelors,Male,No,7.0,45.3
6.38,92.1,HighSchool,Female,Yes,8.3,49.4
4.2,82.9,Masters,Male,Yes,9.8,48.5
5.45,80.5,Masters,Female,Yes,5.3,49.6
5.03,71.7,PhD,Female,No,6.7,46.9
5.2,97.3,HighSchool,Male,No,4.1,51.4
3.45,75.9,PhD,Female,No,7.2,32.9
5.05,63.5,Bachelors,Male,No,7.4,43.2
6.0,84.7,HighSchool,Male,No,7.0,47.4
7.9,64.6,HighSchool,Female,No,6.2,51.5
6.92,73.8,HighSchool,Female,No,4.5,54.9
9.31,80.3,Bachelors,Male,No,7.4,70.6
3.47,95.0,Bachelors,Female,Yes,8.7,38.0
6.74,79.7,HighSchool,Female,Yes,6.3,52.7
5.37,88.1,Bachelors,Female,No,7.5,49.9
9.38,99.7,HighSchool,Female,No,5.1,65.8
3.38,65.3,Bachelors,Male,Yes,7.5,39.2
3.32,71.0,Bachelors,Male,Yes,6.5,37.7
3.8,75.8,Masters,Female,No,6.1,50.2
0.75,76.9,Masters,Male,No,6.1,14.0
3.95,76.4,Bachelors,Female,No,6.5,37.5
3.48,96.3,Bachelors,Male,No,7.5,34.0
5.3,88.6,Bachelors,Male,No,5.4,49.5
5.68,84.3,Masters,Male,No,6.5,39.8
8.75,72.4,HighSchool,Female,No,7.0,61.8
6.9,93.0,HighSchool,Male,Yes,5.7,52.2
3.85,98.2,HighSchool,Female,No,9.2,37.1
3.2,92.8,Bachelors,Male,Yes,6.0,30.9
5.98,60.1,Bachelors,Male,Yes,6.2,44.2
2.36,85.5,Masters,Male,No,5.8,39.3
8.66,62.0,HighSchool,Female,No,9.2,58.1
7.36,70.3,Bachelors,Male,No,7.7,57.5
4.06,62.4,Masters,Male,Yes,5.9,49.7
1.57,84.2,Masters,Male,No,8.3,31.4
7.71,87.5,Bachelors,Male,No,7.2,55.3
4.77,64.6,Bachelors,Female,No,7.3,43.2
7.48,75.4,HighSchool,Female,Yes,6.6,53.5
1.81,78.2,Masters,Male,No,6.1,25.7
3.8,74.8,HighSchool,Female,No,7.4,26.5
5.01,64.8,Masters,Female,Yes,6.3,51.7
5.09,76.8,Bachelors,Male,No,9.2,42.1
4.1,90.0,Bachelors,Female,No,5.5,42.3
6.25,62.8,HighSchool,Female,Yes,8.8,43.0
2.86,63.2,Bachelors,Male,Yes,6.9,35.0
4.72,74.2,Bachelors,Male,Yes,7.4,39.6
5.24,97.7,HighSchool,Female,No,8.0,46.9
6.03,86.7,Bachelors,Female,Yes,6.2,58.9
6.42,87.1,PhD,Male,No,8.0,61.3
2.75,74.5,Bachelors,Male,No,4.0,29.5
1.93,83.7,Bachelors,Male,No,6.1,17.8
7.56,60.4,HighSchool,Female,Yes,5.9,71.8
5.66,85.4,Bachelors,Female,Yes,5.5,61.6
3.5,96.5,HighSchool,Female,No,6.7,42.5
8.1,84.5,Bachelors,Male,No,7.5,55.6
5.23,94.9,Masters,Female,No,7.8,50.3
7.36,89.0,Bachelors,Female,Yes,7.3,58.0
5.14,64.8,HighSchool,Male,No,6.2,46.3
9.12,96.1,Bachelors,Male,No,7.4,69.1
8.51,62.7,Bachelors,Female,No,7.1,53.9
4.5,81.4,Bachelors,Female,No,8.1,40.0
6.94,65.7,Masters,Male,No,7.9,59.5
6.29,60.5,Masters,Female,Yes,7.0,61.7
7.74,76.9,Bachelors,Male,No,5.9,65.2
3.07,71.8,Bachelors,Female,No,6.2,37.4
6.37,79.4,HighSchool,Female,Yes,6.3,50.4
7.12,83.1,HighSchool,Female,No,6.6,34.1
1.48,61.7,Bachelors,Female,No,7.3,25.2
2.63,64.9,Bachelors,Female,No,7.9,30.1
0.92,82.3,Bachelors,Male,Yes,6.9,27.3
4.46,73.7,Bachelors,Female,No,7.0,40.9
6.44,89.2,HighSchool,Male,No,7.2,42.7
8.0,86.1,Bachelors,Male,No,6.4,62.8
5.15,93.8,HighSchool,Male,Yes,5.9,51.3
8.26,87.7,HighSchool,Male,No,4.9,62.4
2.24,77.2,Masters,Female,No,6.2,37.4
1.59,86.9,HighSchool,Male,No,7.6,29.8
4.89,71.0,Bachelors,Female,No,6.2,39.3
5.77,72.3,HighSchool,Female,Yes,6.7,47.2
4.93,91.6,Masters,Male,Yes,7.6,51.3
0.87,77.9,Bachelors,Female,No,7.6,24.4
4.82,91.9,HighSchool,Male,No,5.7,48.3
2.39,92.9,Bachelors,Male,No,8.2,37.5
6.34,94.3,Bachelors,Female,Yes,8.4,70.2
5.73,96.7,PhD,Male,No,5.6,67.0
3.12,77.2,HighSchool,Male,No,6.0,31.5
3.97,72.8,Masters,Female,No,8.4,17.6
2.88,83.3,Masters,Female,No,6.8,43.9
4.87,74.8,Masters,Male,Yes,4.3,42.2
6.91,84.0,Bachelors,Female,No,5.3,49.2
3.03,88.2,Bachelors,Female,Yes,6.7,36.7
6.01,87.5,Bachelors,Female,No,5.6,47.7
3.94,75.0,Masters,Male,No,6.5,42.6
3.41,66.7,Bachelors,Female,No,7.0,24.5
4.79,77.2,Bachelors,Female,No,8.8,37.3
2.93,65.7,Bachelors,Female,No,6.7,33.2
3.89,95.6,Bachelors,Female,No,8.3,46.5
2.6,73.8,Masters,Male,No,8.7,37.0
8.93,66.2,HighSchool,Male,No,8.7,54.5
5.07,61.0,Masters,Male,Yes,7.3,39.3
3.6,85.8,Bachelors,Male,No,4.6,33.4
5.43,85.5,Masters,Female,No,7.6,51.5
4.78,73.6,Bachelors,Male,Yes,8.3,53.7
4.56,62.9,Bachelors,Female,Yes,6.9,29.5
6.23,76.4,Masters,Female,Yes,9.1,54.7
6.52,72.4,HighSchool,Male,No,8.0,40.1
3.94,87.1,Masters,Male,No,7.7,32.1
3.85,84.2,Bachelors,Female,Yes,8.3,49.0
4.45,74.6,Bachelors,Female,Yes,7.4,47.1
0.4,68.7,HighSchool,Male,No,4.0,17.4
1.97,99.5,Bachelors,Male,No,6.4,37.5
7.73,78.2,HighSchool,Female,No,8.4,53.6
8.29,87.5,HighSchool,Female,No,6.0,57.4
4.5,65.6,HighSchool,Male,No,6.7,49.1
6.15,79.4,HighSchool,Female,Yes,5.7,49.0
5.62,61.1,PhD,Male,Yes,9.1,55.3
11.16,80.2,PhD,Male,No,9.0,79.4
7.24,98.6,Bachelors,Male,Yes,5.9,49.8
4.74,75.4,Bachelors,Male,No,7.2,29.1
3.09,61.6,HighSchool,Male,No,6.2,24.4
1.79,61.2,Bachelors,Male,No,7.7,30.4
5.41,75.5,Masters,Male,No,7.6,51.7
3.49,66.4,Masters,Male,No,8.0,41.2
2.16,60.9,Bachelors,Male,Yes,7.4,22.8
3.71,90.2,Masters,Female,Yes,10.0,56.3
2.84,78.3,HighSchool,Male,No,5.8,24.0
8.37,71.6,PhD,Male,No,4.9,62.9
6.76,96.0,HighSchool,Female,Yes,6.5,57.2
4.98,64.6,Bachelors,Female,No,5.1,39.3
7.96,98.2,Bachelors,Male,No,5.2,69.1
5.15,72.6,Bachelors,Female,No,5.8,38.9
3.28,95.5,HighSchool,Female,No,5.9,28.4
8.05,84.1,Masters,Female,No,5.9,62.1
6.08,93.1,HighSchool,Male,Yes,7.6,50.4
2.93,99.4,Bachelors,Female,No,6.4,58.0
4.62,71.5,HighSchool,Male,Yes,6.8,44.9
3.25,98.4,HighSchool,Female,No,8.1,35.5
2.23,75.6,Bachelors,Female,No,6.1,23.0
6.85,75.4,Bachelors,Male,No,6.7,40.4
8.82,73.6,HighSchool,Female,No,7.4,54.4
2.2,81.7,HighSchool,Male,No,4.7,27.4
6.13,66.2,Bachelors,Female,No,4.1,54.5
3.7,82.1,Masters,Male,No,7.4,46.4
4.03,81.7,Masters,Male,No,7.6,42.7
3.82,90.5,HighSchool,Male,No,9.5,37.0
3.27,93.3,Bachelors,Female,Yes,7.2,43.2
5.1,77.6,HighSchool,Male,No,8.0,38.9
3.34,72.1,HighSchool,Male,No,6.8,41.8
5.54,70.4,Bachelors,Male,Yes,7.4,46.3
4.9,67.8,Bachelors,Female,Yes,9.0,45.0
4.52,62.3,HighSchool,Female,No,4.5,22.0
3.18,73.7,HighSchool,Male,Yes,7.5,33.2
3.85,70.8,HighSchool,Male,No,9.6,40.2
6.51,98.7,Masters,Male,No,7.3,50.5
6.0,82.3,PhD,Male,No,9.0,49.5
3.04,73.9,HighSchool,Male,Yes,6.2,37.8
5.2,83.2,HighSchool,Female,No,7.0,35.3
6.5,65.6,Masters,Male,No,7.0,56.5
1.66,77.8,Masters,Male,No,4.3,23.8
6.09,85.0,Bachelors,Male,No,5.6,46.9
3.67,79.6,HighSchool,Female,No,5.7,28.4
6.14,76.1,HighSchool,Female,No,8.0,50.2
3.47,99.8,Bachelors,Female,No,8.0,56.1
1.39,95.2,Bachelors,Male,No,7.4,33.4
1.74,84.9,HighSchool,Male,No,8.0,21.5
5.1,82.8,Bachelors,Male,No,6.8,51.3
5.52,84.8,HighSchool,Male,No,8.4,43.9
3.19,68.1,Masters,Female,Yes,7.0,46.3
6.28,75.8,HighSchool,Female,No,7.1,53.0
1.68,61.6,HighSchool,Female,No,6.7,4.4
4.87,79.0,Bachelors,Female,No,7.8,38.0
2.58,81.7,Bachelors,Male,No,6.5,37.2
3.7,69.1,PhD,Female,Yes,8.2,44.3
5.09,98.6,Bachelors,Male,No,5.6,40.8
3.28,96.4,HighSchool,Male,Yes,5.7,34.7
4.23,88.9,Bachelors,Female,No,7.8,31.4
7.01,81.3,HighSchool,Male,No,6.9,51.2
3.85,94.8,Masters,Male,No,6.5,55.7
6.67,65.2,Bachelors,Male,No,8.1,54.3
2.74,91.6,Bachelors,Female,No,6.3,48.3
6.06,65.0,HighSchool,Female,No,6.8,50.0
7.88,91.8,Bachelors,Male,Yes,8.7,70.3
0.06,71.0,Masters,Female,Yes,8.8,35.7
3.41,95.1,Masters,Male,No,8.9,43.8
6.15,97.8,HighSchool,Male,No,6.7,49.5
4.59,66.0,HighSchool,Female,No,8.5,44.6
5.74,78.5,Masters,Female,No,5.9,58.1
3.79,99.2,Masters,Female,No,5.9,40.9
5.17,79.3,HighSchool,Male,No,4.2,36.5
4.69,94.5,Bachelors,Female,No,9.0,47.7
7.34,83.5,HighSchool,Female,Yes,6.0,62.4
5.51,75.0,Masters,Female,Yes,6.8,55.7
5.68,71.4,HighSchool,Male,No,5.9,34.1
4.18,68.1,HighSchool,Female,Yes,7.8,50.9
4.02,90.5,Masters,Female,Yes,6.5,42.6
4.13,75.5,HighSchool,Male,Yes,5.4,36.9
5.79,80.5,Bachelors,Male,No,7.5,42.4
4.16,79.7,Bachelors,Male,No,5.3,54.6
5.58,83.1,HighSchool,Female,No,6.0,47.0
9.15,94.6,Bachelors,Female,No,4.5,61.8
6.74,99.2,Bachelors,Female,No,5.3,61.4
4.35,76.3,HighSchool,Female,No,7.2,43.2
7.4,93.1,Bachelors,Female,Yes,4.6,59.8
4.18,90.6,Masters,Male,Yes,5.2,50.7
0.92,82.9,Masters,Male,No,7.0,20.7
2.98,98.2,HighSchool,Male,No,6.3,31.7
1.26,68.0,HighSchool,Male,No,9.4,9.5
4.3,64.4,HighSchool,Male,No,9.2,28.0
5.04,94.2,Bachelors,Female,No,6.0,57.9
8.35,77.6,Bachelors,Male,Yes,7.7,73.0
5.65,93.9,Bachelors,Male,Yes,7.9,53.4
4.56,95.7,HighSchool,Male,Yes,6.3,55.1
6.66,62.5,HighSchool,Male,No,5.2,44.4
0.58,95.3,Bachelors,Female,No,7.0,24.0
5.47,77.9,Bachelors,Female,No,6.8,46.7
6.54,80.4,HighSchool,Female,Yes,6.5,52.3
2.04,85.1,Bachelors,Male,No,7.5,28.7
7.29,97.1,HighSchool,Female,No,6.1,63.8
5.68,60.8,Masters,Female,Yes,5.6,49.3
4.17,79.1,Masters,Female,Yes,7.1,49.5
6.27,87.5,HighSchool,Male,No,7.5,55.8
9.54,88.9,HighSchool,Female,No,5.6,68.6
5.36,87.7,Bachelors,Female,No,8.1,42.6
5.5,65.4,HighSchool,Female,No,4.9,32.9
4.08,72.0,Bachelors,Female,No,6.3,38.8
3.3,74.3,Masters,Male,No,6.7,34.7
6.66,92.2,Bachelors,Female,No,6.2,55.4
3.29,71.2,Masters,Male,No,6.3,34.7
5.14,68.4,Bachelors,Female,Yes,9.2,62.5
4.04,98.3,HighSchool,Male,No,6.0,31.9
5.96,60.4,Bachelors,Male,No,9.9,33.9
5.67,99.9,Bachelors,Male,Yes,7.5,56.1
7.08,87.1,Bachelors,Female,No,7.1,54.1
3.98,93.1,HighSchool,Male,No,7.6,41.2
4.46,71.8,HighSchool,Female,No,10.0,43.2
3.04,60.6,PhD,Female,No,5.8,41.9
4.11,89.5,HighSchool,Male,No,5.7,29.3
5.75,93.4,PhD,Male,No,6.1,50.1
6.51,89.6,PhD,Male,No,7.0,59.5
3.16,65.7,Masters,Female,No,4.9,38.0
6.74,90.1,Bachelors,Female,No,7.0,68.4
7.71,90.8,Bachelors,Male,No,9.0,65.9
5.83,86.3,Masters,Male,No,7.2,50.7
8.75,90.6,HighSchool,Female,No,6.6,57.8
3.45,93.8,Bachelors,Female,No,6.3,35.8
2.51,84.5,Bachelors,Female,Yes,8.1,32.9
1.44,63.5,Bachelors,Female,No,6.0,26.8
7.99,79.5,Bachelors,Male,No,9.2,61.0
6.31,63.1,HighSchool,Male,No,9.3,37.9
4.89,76.3,Bachelors,Male,Yes,7.3,42.7
5.56,76.3,Masters,Male,Yes,7.0,55.8
2.75,62.6,HighSchool,Male,No,8.2,29.5
9.89,74.0,Masters,Male,No,8.3,72.8
5.26,64.4,Bachelors,Male,No,6.0,43.5
5.22,92.3,Masters,Female,No,6.4,59.5
6.45,97.9,Bachelors,Female,No,5.4,55.9
5.96,62.9,Masters,Female,No,7.5,45.8
5.45,98.2,HighSchool,Female,Yes,7.8,46.3
3.42,80.9,Masters,Male,No,5.4,38.5
5.94,72.0,HighSchool,Female,Yes,6.5,33.7
8.76,63.1,Masters,Male,No,5.4,59.0
7.69,80.0,PhD,Female,No,5.9,60.2
8.19,91.8,HighSchool,Male,No,7.7,52.0
3.98,88.3,HighSchool,Female,No,6.1,33.0
3.02,62.0,Masters,Male,No,6.6,36.7
4.75,62.9,HighSchool,Male,No,5.0,37.2
5.11,76.1,Masters,Female,Yes,7.2,50.0
7.19,71.8,HighSchool,Male,No,6.9,52.6
1.62,69.3,HighSchool,Female,Yes,6.1,26.6
8.06,71.2,PhD,Female,No,6.8,69.4
4.68,92.1,Bachelors,Female,Yes,7.2,49.2
4.15,97.2,Masters,Female,Yes,6.0,39.4
2.98,76.2,HighSchool,Female,No,5.2,40.5
1.69,96.2,Bachelors,Male,No,9.2,33.5
6.65,72.9,Bachelors,Female,No,6.2,47.4
5.15,79.1,Bachelors,Female,Yes,6.9,40.5
2.42,69.0,Bachelors,Female,No,8.2,32.4
2.41,85.6,Bachelors,Male,Yes,10.0,35.5
4.33,99.2,Bachelors,Female,No,5.5,53.7
8.34,84.1,HighSchool,Female,No,7.5,58.2
4.48,74.3,Masters,Female,No,6.2,37.3
1.99,85.9,HighSchool,Male,No,6.4,32.7
4.51,64.9,Bachelors,Male,No,6.1,43.1
4.45,95.5,HighSchool,Male,No,5.6,42.2
0.0,80.1,Bachelors,Female,No,7.0,23.6
4.89,78.0,Bachelors,Female,No,5.2,42.4
4.54,83.4,HighSchool,Male,No,8.1,41.8
6.39,85.0,HighSchool,Male,Yes,7.1,59.5
8.7,62.9,HighSchool,Male,No,7.5,60.6
7.25,87.3,Bachelors,Male,No,6.4,54.9
4.46,69.7,Masters,Female,No,6.6,49.7
2.79,88.6,HighSchool,Female,Yes,7.3,22.1
10.15,92.9,Bachelors,Male,Yes,5.6,86.4
5.12,92.2,HighSchool,Female,No,6.6,35.1
5.03,82.1,Bachelors,Male,No,6.0,39.8
4.95,80.8,Masters,Female,Yes,5.9,48.6
5.4,65.7,HighSchool,Male,No,4.5,38.5
4.71,91.0,Bachelors,Male,No,8.6,51.1
3.85,70.9,HighSchool,Male,No,6.2,27.2
3.91,79.9,HighSchool,Female,Yes,8.4,42.3
4.93,71.4,HighSchool,Female,Yes,8.3,40.6
3.91,65.4,HighSchool,Female,No,5.5,35.2
3.57,85.2,Bachelors,Male,Yes,5.7,39.4
5.21,62.2,Bachelors,Male,Yes,10.0,46.0
4.49,89.9,Bachelors,Male,No,9.1,40.7
8.01,72.7,HighSchool,Female,No,7.0,53.0
0.0,60.0,HighSchool,Male,No,7.3,14.4
7.18,80.4,Bachelors,Female,Yes,6.2,63.7
7.49,61.9,PhD,Female,Yes,7.5,57.0
0.85,71.0,HighSchool,Female,Yes,6.1,17.3
4.31,88.3,Masters,Male,No,4.6,46.2
4.26,62.5,Bachelors,Male,No,5.4,35.3
2.18,93.6,Bachelors,Male,No,7.0,37.1
3.44,60.2,Bachelors,Female,No,5.6,26.6
2.78,69.9,HighSchool,Female,No,6.9,18.7
8.5,89.6,HighSchool,Male,Yes,5.7,60.1
6.87,72.7,Bachelors,Male,No,6.1,46.3
7.54,64.1,HighSchool,Female,No,8.0,52.0
6.44,74.4,Masters,Female,No,7.3,48.9
2.74,70.8,Bachelors,Male,Yes,7.0,37.8
3.95,93.7,HighSchool,Female,No,8.1,38.8
5.98,72.5,Bachelors,Male,No,7.6,48.1
2.56,91.6,HighSchool,Male,No,8.7,33.4
6.43,95.7,Bachelors,Female,Yes,6.4,58.7
4.52,77.4,Bachelors,Female,No,6.5,41.2
4.25,96.4,Masters,Female,No,5.4,48.3
6.42,75.1,Masters,Male,No,6.5,46.6
5.89,98.6,Bachelors,Female,No,8.2,61.7
4.28,63.6,Bachelors,Male,Yes,8.6,39.0
7.32,87.5,Masters,Male,No,8.2,51.3
2.84,79.8,HighSchool,Female,No,4.8,31.7
6.23,75.5,HighSchool,Male,No,8.3,42.3
6.19,85.3,HighSchool,Female,No,4.8,52.4
4.38,88.2,HighSchool,Female,No,8.1,54.8
5.65,60.2,Bachelors,Male,No,6.6,37.9
2.5,66.7,Bachelors,Male,Yes,7.8,33.7
6.85,88.5,Bachelors,Male,No,5.4,43.1
4.63,86.7,HighSchool,Male,No,8.4,44.4
3.95,98.6,Bachelors,Female,No,5.2,36.8
7.1,90.4,HighSchool,Female,No,6.2,50.9
3.59,98.0,Bachelors,Male,No,5.8,32.8
2.18,88.1,Bachelors,Male,Yes,4.9,37.4
1.89,71.9,HighSchool,Female,No,7.1,31.4
6.21,64.2,HighSchool,Female,Yes,9.2,49.6
2.44,91.3,HighSchool,Male,No,10.0,27.3
8.51,85.8,Masters,Male,No,7.1,73.8
0.84,61.9,Masters,Female,No,8.3,18.2
8.39,74.4,Bachelors,Male,No,7.3,46.5
5.42,98.3,HighSchool,Male,No,7.6,50.3
4.81,80.0,Bachelors,Female,Yes,6.6,39.7
3.91,77.3,Bachelors,Female,No,7.2,44.5
5.8,78.3,Masters,Female,No,7.6,48.2
4.92,68.4,HighSchool,Female,No,6.3,43.1
7.21,74.7,HighSchool,Female,Yes,6.9,63.8
5.23,74.8,Bachelors,Male,No,6.9,36.3
5.3,62.1,Bachelors,Male,No,8.0,38.5
4.27,90.7,HighSchool,Male,No,5.7,38.9
4.89,76.7,HighSchool,Male,No,6.9,49.5
5.62,92.9,Bachelors,Female,No,9.3,47.4
1.58,94.0,Masters,Female,No,8.4,29.3
2.3,68.5,PhD,Female,No,8.6,36.4
6.49,86.3,Bachelors,Female,No,7.0,49.7
5.34,78.9,Bachelors,Male,No,7.4,46.1
4.63,95.2,HighSchool,Male,No,8.2,34.0
5.04,68.6,Bachelors,Female,No,8.9,56.7
5.7,87.1,Bachelors,Female,No,4.7,40.2
3.92,84.3,Bachelors,Female,No,5.4,37.2
3.44,71.8,Bachelors,Female,Yes,8.6,38.7
5.39,65.5,HighSchool,Female,No,6.7,52.9
3.04,86.1,HighSchool,Female,No,6.2,25.6
5.82,89.5,HighSchool,Male,No,5.5,58.7
1.59,72.6,HighSchool,Female,Yes,6.3,31.2
7.06,85.8,HighSchool,Female,No,5.3,55.6
5.95,75.8,PhD,Male,No,9.5,46.8
5.51,88.5,Bachelors,Female,No,7.0,52.2
6.97,68.0,Bachelors,Male,No,6.9,46.6
8.33,95.6,Masters,Female,Yes,7.7,77.2
7.03,71.5,PhD,Male,No,8.2,50.7
1.32,74.7,Bachelors,Female,No,8.1,24.9
2.44,62.3,Masters,Male,No,8.3,26.5
3.75,64.5,HighSchool,Female,Yes,6.2,29.8
5.05,80.6,HighSchool,Male,No,6.6,46.1
6.04,70.7,Bachelors,Male,Yes,7.9,53.5
3.55,93.4,Bachelors,Male,No,6.4,45.9
5.37,60.6,Bachelors,Female,No,7.0,31.8
3.49,75.2,HighSchool,Male,No,7.5,39.6
3.78,73.5,HighSchool,Male,Yes,7.9,52.6
2.19,60.8,Bachelors,Female,No,4.9,22.9
3.15,65.0,HighSchool,Female,No,7.9,42.1
2.3,76.5,Bachelors,Female,No,6.7,28.6
3.05,79.7,Bachelors,Male,No,7.8,25.9
7.11,76.2,Bachelors,Female,No,7.9,52.9
3.1,81.2,Masters,Male,No,8.9,43.5
10.26,83.8,Masters,Male,No,8.6,68.3
5.99,60.4,Bachelors,Female,No,8.6,42.7
5.37,78.6,Bachelors,Female,Yes,8.7,53.5
3.28,98.5,Bachelors,Female,No,7.3,39.8
6.4,80.8,HighSchool,Male,No,7.0,52.2
3.85,87.1,HighSchool,Male,Yes,8.0,42.1
5.24,72.5,HighSchool,Male,No,7.9,44.5
10.12,91.0,Bachelors,Female,No,6.6,69.5
4.81,90.9,Bachelors,Male,No,7.5,46.4
7.3,80.9,Masters,Male,No,7.0,51.6
3.59,99.0,HighSchool,Male,Yes,6.0,48.5
4.93,65.0,HighSchool,Female,No,8.5,36.1
8.54,60.7,PhD,Male,Yes,7.1,71.2
3.75,90.8,HighSchool,Female,No,9.5,38.3
8.62,92.3,Bachelors,Male,Yes,5.0,67.3
6.42,64.8,Bachelors,Female,No,6.3,45.2
3.88,70.6,Bachelors,Male,No,7.0,29.9
6.26,60.7,HighSchool,Female,No,8.4,35.2
6.95,71.7,HighSchool,Female,No,7.5,44.5
6.24,90.9,HighSchool,Male,No,7.4,48.1
1.86,80.7,Bachelors,Female,Yes,5.6,32.5
3.55,73.9,Bachelors,Male,No,5.6,40.4
4.5,74.9,HighSchool,Female,No,7.4,36.5
4.85,60.1,Bachelors,Female,Yes,5.4,36.7
6.24,72.0,Masters,Male,No,6.4,41.1
5.36,85.9,HighSchool,Male,No,7.6,47.7
2.33,99.0,Bachelors,Male,No,5.8,41.6
5.76,93.9,Bachelors,Male,No,8.9,58.6
6.22,60.9,HighSchool,Male,No,8.5,48.8
6.12,95.9,HighSchool,Male,No,5.1,53.2
7.16,91.3,Bachelors,Male,Yes,5.9,69.2
6.67,91.2,Masters,Female,Yes,4.3,60.7
5.92,78.3,Masters,Male,No,6.1,53.2
4.86,75.9,Bachelors,Male,No,7.9,40.5
1.68,72.1,Bachelors,Female,No,6.5,17.9
5.86,62.6,Bachelors,Male,No,7.6,40.5
5.42,69.1,Bachelors,Male,Yes,5.2,45.5
5.54,69.9,Bachelors,Male,No,8.0,45.0
2.45,79.4,HighSchool,Female,No,6.3,40.8
2.84,89.9,Bachelors,Female,Yes,7.0,39.2
7.11,79.0,Bachelors,Male,No,6.9,60.9
4.92,62.3,Bachelors,Female,Yes,5.5,40.2
6.36,98.3,Masters,Female,No,5.6,54.4
5.06,97.7,HighSchool,Female,No,8.2,39.0
5.06,91.4,HighSchool,Female,No,7.5,40.9
6.88,99.7,HighSchool,Female,No,8.3,59.7
3.97,81.8,Masters,Male,No,7.4,41.0
5.19,98.5,Bachelors,Male,No,7.2,53.9
4.08,63.0,HighSchool,Male,No,4.9,33.5
4.13,74.6,Bachelors,Female,No,6.7,36.8
4.38,69.0,Bachelors,Female,No,7.0,52.1
5.44,67.8,Masters,Female,Yes,9.3,49.8
4.04,65.6,Bachelors,Female,No,7.8,44.2
7.51,84.9,Bachelors,Male,No,8.8,55.5
3.21,91.3,Masters,Female,Yes,7.7,47.4
4.63,83.1,HighSchool,Female,No,6.1,46.4
4.12,65.9,HighSchool,Female,No,7.1,36.6
7.89,92.4,Bachelors,Female,Yes,7.3,50.5
5.39,85.4,PhD,Female,No,5.9,51.1
7.06,75.5,Bachelors,Male,No,6.5,60.0
2.03,87.0,HighSchool,Female,No,6.8,32.1
5.53,70.4,HighSchool,Male,No,8.9,45.9
6.78,73.8,Bachelors,Female,No,4.5,40.6
5.16,96.7,HighSchool,Female,No,8.4,43.0
7.13,71.6,Bachelors,Male,No,5.9,54.4
3.97,78.8,PhD,Female,Yes,5.4,47.8
7.82,95.6,Bachelors,Male,Yes,8.4,71.7
9.6,88.3,Bachelors,Male,No,7.9,67.7
4.27,62.5,Bachelors,Male,No,8.5,39.5
4.11,65.9,HighSchool,Female,No,8.0,35.8
7.91,60.3,Masters,Female,Yes,9.5,55.4
8.16,85.2,Bachelors,Female,No,7.7,48.2
3.95,77.9,Bachelors,Male,Yes,6.8,43.3
4.16,65.4,Bachelors,Female,No,7.4,38.6
4.44,98.3,Bachelors,Female,Yes,8.5,45.4
2.31,81.2,Bachelors,Male,Yes,6.1,23.1
3.16,69.7,HighSchool,Male,No,6.2,33.6
2.99,80.0,Masters,Male,No,6.6,33.7
3.46,87.2,Masters,Female,No,4.5,42.3
4.93,63.0,Bachelors,Female,No,7.2,52.0
5.47,71.0,PhD,Female,No,4.7,35.1
8.1,92.3,HighSchool,Male,No,7.1,55.3
3.0,78.4,Bachelors,Female,Yes,8.0,36.4
6.97,81.9,Bachelors,Male,No,6.4,62.2
4.57,77.3,Bachelors,Male,No,9.0,32.0
4.9,61.8,Bachelors,Female,No,5.2,51.1
6.35,66.6,HighSchool,Male,Yes,8.4,50.1
2.75,77.8,HighSchool,Female,No,7.8,30.6
5.76,68.4,Bachelors,Male,No,4.9,42.7
5.33,62.0,HighSchool,Female,No,10.0,39.4
5.98,93.7,Bachelors,Male,Yes,6.9,60.4
5.58,99.2,HighSchool,Female,Yes,5.9,45.3
9.91,91.7,HighSchool,Male,No,5.3,69.6
3.72,94.2,Bachelors,Male,Yes,6.7,40.5
3.94,69.7,Bachelors,Female,No,6.8,32.5
3.75,98.4,Masters,Male,No,7.1,58.5
3.89,67.9,Bachelors,Female,No,6.6,38.8
3.73,98.1,HighSchool,Female,No,7.8,43.8
7.38,99.8,Masters,Male,No,6.5,67.9
7.84,88.5,Bachelors,Male,No,4.7,49.7
3.86,99.2,HighSchool,Female,Yes,6.8,54.1
3.34,82.8,Bachelors,Female,Yes,4.2,23.3
5.94,70.4,Masters,Female,No,7.4,44.9
3.9,77.5,Bachelors,Female,Yes,5.8,38.1
6.27,83.7,HighSchool,Female,No,7.2,53.2
5.41,62.9,HighSchool,Male,Yes,8.6,45.2
1.97,84.9,HighSchool,Female,No,5.9,26.8
8.1,99.2,Bachelors,Female,No,8.3,64.4
8.59,67.6,Bachelors,Male,No,6.5,52.9
3.77,91.7,HighSchool,Male,Yes,9.1,32.8
4.22,96.3,Masters,Male,No,6.6,49.0
5.57,97.7,Masters,Male,No,6.0,55.6
5.67,98.4,Bachelors,Female,No,7.8,61.4
6.32,80.9,Masters,Male,Yes,6.5,50.3
9.02,99.1,HighSchool,Male,No,6.0,69.1
4.65,90.3,Bachelors,Male,No,6.4,41.8
3.4,66.5,Bachelors,Female,No,6.9,40.9
2.24,79.1,Masters,Female,No,8.6,39.5
3.54,88.7,Masters,Male,Yes,4.7,43.1
4.93,69.9,HighSchool,Male,No,7.0,37.1
8.59,85.6,Masters,Female,No,7.7,71.7
3.96,86.7,HighSchool,Female,No,7.2,42.6
5.45,66.5,Masters,Male,No,8.6,41.7
4.97,82.6,PhD,Male,Yes,6.9,42.9
7.38,90.9,HighSchool,Male,No,6.8,53.7
10.05,80.0,Bachelors,Male,Yes,7.7,81.2
3.94,60.5,HighSchool,Female,No,7.1,40.2
4.02,60.4,Bachelors,Female,No,6.5,28.8
7.09,74.3,Bachelors,Male,No,7.6,46.1
6.36,97.0,Bachelors,Female,Yes,6.2,64.9
8.69,69.1,Masters,Male,No,6.3,54.6
6.17,85.4,Bachelors,Female,No,6.4,54.2
4.28,68.9,Bachelors,Female,No,8.6,35.8
6.18,72.9,Masters,Male,Yes,4.0,61.2
7.22,93.9,PhD,Male,Yes,7.5,60.0
6.64,89.2,HighSchool,Female,Yes,7.0,62.4
6.01,63.8,PhD,Male,No,5.0,49.4
7.13,77.1,HighSchool,Male,Yes,7.4,56.3
7.34,61.2,Masters,Female,No,7.6,42.9
7.76,79.2,HighSchool,Female,Yes,7.7,46.3
6.3,86.5,HighSchool,Male,No,4.0,46.5
4.67,64.7,Bachelors,Female,No,8.6,42.1
5.29,71.6,Bachelors,Male,No,6.1,36.1
7.41,75.9,Bachelors,Female,No,7.8,49.6
3.37,96.8,HighSchool,Female,Yes,7.9,44.5
5.74,99.7,Bachelors,Female,Yes,5.9,58.0
4.21,61.8,Masters,Male,No,7.8,37.5
5.06,90.4,Bachelors,Female,No,6.5,51.3
7.56,74.9,HighSchool,Female,No,4.5,46.0
5.38,75.7,Bachelors,Male,No,8.4,43.1
5.09,90.2,HighSchool,Male,No,6.1,53.4
2.28,96.7,Masters,Male,No,6.0,35.1
6.49,98.0,Masters,Male,No,6.5,57.1
6.29,83.1,Bachelors,Female,No,7.3,65.6
9.33,74.3,Bachelors,Male,No,6.9,55.6
4.38,91.5,Masters,Male,No,7.7,49.8
5.44,70.0,Bachelors,Female,No,5.4,53.9
5.5,82.6,Masters,Male,No,6.1,46.1
8.15,74.3,Bachelors,Female,No,6.9,64.2
4.81,86.3,Masters,Male,No,9.3,41.1
5.56,69.6,Bachelors,Female,Yes,6.9,44.0
6.22,67.7,Bachelors,Female,No,8.3,51.1
5.37,96.7,PhD,Female,No,7.0,58.5
4.11,64.1,Bachelors,Male,Yes,6.4,45.3
5.39,80.2,Bachelors,Female,No,6.7,55.8
7.15,68.8,HighSchool,Male,No,6.8,49.5
2.95,61.6,Bachelors,Male,No,7.7,37.1
5.27,61.4,Bachelors,Male,Yes,8.6,42.9
3.6,67.0,HighSchool,Female,No,7.4,38.5
7.39,94.7,HighSchool,Male,No,8.4,58.3
1.95,71.3,Bachelors,Female,No,5.8,29.6
3.88,98.0,Masters,Male,No,6.5,45.8
5.75,83.3,Bachelors,Male,No,6.1,37.8
8.13,77.5,HighSchool,Female,No,7.4,51.1
4.87,83.2,Bachelors,Male,No,6.6,43.9
3.89,80.7,HighSchool,Female,No,7.9,27.4
8.76,90.4,Bachelors,Male,No,5.9,68.8
2.1,71.3,HighSchool,Female,Yes,7.1,34.5
0.6,74.1,HighSchool,Female,No,7.8,21.7
5.88,95.8,HighSchool,Male,No,4.5,41.1
4.0,97.9,Bachelors,Male,No,9.5,51.6
2.96,95.7,HighSchool,Female,Yes,6.7,50.5
6.42,76.8,Bachelors,Female,No,4.6,50.6
5.49,91.2,Bachelors,Male,Yes,7.2,54.4
3.87,79.1,Bachelors,Male,Yes,7.0,41.9
2.44,79.9,Bachelors,Female,No,6.9,34.8
6.74,68.2,Masters,Female,No,8.2,52.7
6.3,83.6,HighSchool,Male,No,7.9,49.0
4.8,67.4,Bachelors,Male,Yes,7.4,48.6
8.69,73.3,HighSchool,Male,No,7.5,72.9
2.86,94.2,HighSchool,Female,Yes,6.9,29.2
1.95,68.3,Bachelors,Male,No,9.1,26.3
3.62,62.8,Bachelors,Female,No,5.2,26.2
4.91,62.8,Masters,Male,No,7.2,51.3
5.49,97.6,Bachelors,Male,No,7.1,46.0
4.52,80.3,PhD,Female,Yes,8.0,41.0
5.7,76.4,HighSchool,Female,No,6.0,48.6
2.5,92.4,HighSchool,Female,No,4.9,41.9
7.89,93.4,HighSchool,Male,No,7.2,62.7
4.84,73.3,HighSchool,Female,No,7.3,41.7
7.23,87.7,Bachelors,Female,Yes,8.8,63.5
5.69,90.8,Bachelors,Male,No,5.5,56.8
5.91,86.2,HighSchool,Male,No,8.4,42.7
6.14,66.1,Masters,Male,No,9.8,49.1
5.9,95.0,Masters,Male,Yes,6.5,53.0
6.29,81.6,HighSchool,Female,Yes,5.5,44.5
7.66,71.3,HighSchool,Male,No,6.5,50.8
5.39,77.0,HighSchool,Female,No,7.0,50.5
6.42,61.5,HighSchool,Female,Yes,7.7,52.6
4.82,65.1,HighSchool,Female,Yes,6.3,45.1
7.88,90.6,Bachelors,Female,No,8.9,62.8
3.65,60.0,HighSchool,Male,No,5.7,33.2
8.6,76.7,Bachelors,Male,No,4.9,55.0
4.92,80.9,PhD,Male,No,8.3,46.1
2.14,62.2,Bachelors,Female,Yes,4.3,29.4
5.26,98.9,Masters,Male,No,6.8,52.1
3.64,69.0,HighSchool,Female,No,10.0,36.9
6.68,72.2,Bachelors,Male,Yes,7.0,52.5
3.69,72.2,Bachelors,Male,No,5.7,32.5
4.11,69.2,HighSchool,Male,No,6.9,53.8
1.22,60.1,HighSchool,Female,No,6.9,25.0
4.1,89.2,Bachelors,Female,No,7.2,44.4
0.15,98.7,Bachelors,Male,No,7.8,22.0
1.83,69.0,Bachelors,Female,No,5.8,23.1
6.52,86.5,Bachelors,Male,No,9.0,52.6
6.57,89.7,Bachelors,Female,No,7.3,56.2
5.85,93.9,HighSchool,Female,Yes,7.9,41.7
3.07,76.9,HighSchool,Male,Yes,6.2,24.4
4.9,72.1,HighSchool,Female,No,8.5,37.3
4.99,73.0,HighSchool,Male,Yes,6.7,44.1
2.68,88.5,PhD,Female,No,7.3,37.3
8.01,92.7,Bachelors,Male,No,5.9,69.4
6.75,67.3,Bachelors,Female,No,5.8,41.2
4.56,74.8,HighSchool,Male,No,7.8,34.2
5.05,96.1,Bachelors,Female,No,6.5,56.8
5.42,92.3,HighSchool,Female,Yes,6.0,50.3
0.92,99.4,HighSchool,Female,No,6.2,30.9
4.51,90.2,HighSchool,Female,No,7.8,54.8
3.64,75.7,Masters,Female,No,6.2,34.3
3.0,83.6,Bachelors,Male,No,6.9,33.6
4.44,86.4,Bachelors,Male,No,7.0,40.3
8.6,63.1,Bachelors,Male,Yes,4.7,48.2
6.28,81.8,Masters,Female,Yes,5.2,53.5
3.86,88.4,HighSchool,Male,Yes,7.4,46.0
6.15,66.7,HighSchool,Female,No,6.1,48.4
7.8,91.2,HighSchool,Female,Yes,8.3,66.1
6.85,83.4,Masters,Male,Yes,8.2,56.8
5.12,98.1,PhD,Male,No,7.9,48.2
3.71,61.7,HighSchool,Male,Yes,9.2,43.1
6.4,70.6,Masters,Male,No,6.9,47.6
5.79,84.1,Masters,Male,Yes,7.8,55.4
6.79,71.9,HighSchool,Male,Yes,6.3,52.5
6.27,88.6,Bachelors,Female,No,9.9,62.8
7.1,90.4,Bachelors,Female,No,9.4,64.1
3.93,64.1,PhD,Male,No,7.0,31.2
7.63,80.6,HighSchool,Male,No,7.5,47.9
5.4,80.4,Masters,Male,No,8.6,51.9
9.15,74.8,HighSchool,Female,No,6.8,61.7
3.62,97.3,Bachelors,Female,Yes,6.2,40.9
8.47,93.1,Bachelors,Male,No,8.0,70.1
5.4,87.9,Bachelors,Male,No,7.1,48.3
3.7,88.6,Masters,Female,No,7.2,42.1
4.03,78.5,Masters,Female,No,6.0,45.5
4.36,96.8,Masters,Male,No,4.9,42.4
5.85,87.8,HighSchool,Female,No,7.3,57.9
6.05,89.2,Bachelors,Male,No,8.1,46.4
3.85,94.5,HighSchool,Male,No,6.7,42.4
4.95,71.0,Bachelors,Female,Yes,8.7,54.9
9.28,92.3,Bachelors,Female,No,6.2,59.7
8.46,67.8,Bachelors,Male,No,5.7,55.6
5.87,73.8,Bachelors,Female,No,6.9,54.4
5.08,73.4,PhD,Male,No,6.9,53.5
5.24,99.1,HighSchool,Female,No,7.9,46.9
6.23,94.3,Bachelors,Male,No,6.1,47.7
2.95,88.0,Bachelors,Female,No,8.6,42.4
4.49,89.1,HighSchool,Female,No,9.4,50.1
1.66,82.5,HighSchool,Male,No,7.0,18.3
5.8,97.9,Masters,Female,No,8.5,47.6
6.29,79.9,Masters,Female,No,5.7,53.6
4.03,75.2,Masters,Female,No,8.3,45.1
8.15,66.5,PhD,Male,Yes,8.3,62.4
2.55,91.4,HighSchool,Female,No,8.0,37.1
2.07,89.4,Bachelors,Female,No,7.0,27.5
5.45,75.4,Bachelors,Male,No,4.0,30.6
7.09,61.0,Bachelors,Female,No,6.2,48.2
8.37,93.6,Bachelors,Male,No,6.2,63.0
4.08,60.5,Bachelors,Male,Yes,5.8,35.7
7.16,88.1,Bachelors,Female,No,7.1,50.0
4.92,98.8,Bachelors,Female,No,6.5,36.7
4.65,77.5,HighSchool,Female,No,6.0,36.7
6.77,69.4,Bachelors,Male,Yes,5.7,58.0
6.3,88.2,Bachelors,Female,No,6.1,59.7
1.85,92.7,Bachelors,Male,No,8.3,38.1
7.95,81.9,HighSchool,Male,No,6.2,51.3
7.76,98.7,Bachelors,Male,No,6.4,53.8
3.75,62.1,HighSchool,Female,No,6.5,35.4
5.79,80.2,Bachelors,Female,No,7.4,52.5
5.99,88.7,Masters,Female,No,7.5,55.8
5.52,94.5,Bachelors,Female,No,4.0,36.4
3.9,67.2,HighSchool,Male,Yes,8.2,31.8
3.66,92.0,Bachelors,Female,No,8.7,40.9
4.95,82.1,Bachelors,Male,No,5.7,45.9
7.35,75.9,Masters,Male,No,5.8,60.4
6.09,65.3,Bachelors,Male,No,6.5,46.6
4.26,94.6,Bachelors,Female,Yes,6.1,48.3
6.54,66.3,Bachelors,Female,Yes,7.3,53.1
0.0,72.4,HighSchool,Female,No,4.7,18.9
7.3,71.6,HighSchool,Male,Yes,5.7,55.5
1.52,94.9,Bachelors,Male,No,8.8,30.4
4.28,86.9,Bachelors,Female,No,5.9,40.1
2.76,91.9,Bachelors,Male,No,8.5,35.9
2.41,70.0,HighSchool,Female,Yes,7.4,33.7
7.32,85.0,HighSchool,Female,Yes,4.8,58.6
4.06,82.9,Bachelors,Male,No,7.8,42.1
5.69,93.3,HighSchool,Female,No,6.9,56.6
4.91,96.2,Bachelors,Female,No,6.5,48.6
5.95,60.5,HighSchool,Male,No,7.3,38.6
5.15,87.0,Bachelors,Female,No,7.6,52.3
2.43,62.1,Masters,Male,No,7.8,21.3
6.99,82.0,HighSchool,Female,No,8.4,47.1
4.01,71.5,Bachelors,Female,No,7.5,40.1
1.89,72.3,HighSchool,Female,Yes,5.3,30.7
4.14,74.1,Bachelors,Female,Yes,6.4,34.2
8.0,84.9,Bachelors,Male,No,10.0,58.7
6.7,73.4,Bachelors,Female,No,7.9,48.5
4.3,89.3,Bachelors,Male,No,9.8,40.3
4.3,76.2,Masters,Female,Yes,8.7,51.8
4.36,62.7,HighSchool,Female,No,7.3,40.2
9.15,91.4,HighSchool,Male,Yes,7.4,67.6
5.76,71.4,Masters,Male,No,7.0,44.3
5.86,77.3,Bachelors,Female,No,4.9,39.1
7.06,87.4,Masters,Female,No,7.0,66.8
5.48,73.3,Bachelors,Male,No,8.5,48.9
4.48,62.3,Masters,Male,No,6.3,34.8
4.61,75.0,Bachelors,Male,No,7.5,45.1
4.86,97.8,Bachelors,Female,No,8.0,47.4
4.93,85.7,Masters,Male,No,5.9,44.0
6.46,86.9,Bachelors,Female,No,6.5,55.5
5.1,85.3,HighSchool,Male,No,5.8,38.0
6.47,68.0,HighSchool,Female,Yes,6.0,47.9
4.84,76.7,HighSchool,Male,Yes,5.5,43.0
5.16,90.0,HighSchool,Female,Yes,5.9,44.8
1.0,64.1,HighSchool,Male,No,8.7,23.2
6.83,71.1,Bachelors,Female,No,5.9,62.5
5.69,71.1,Bachelors,Male,No,7.2,40.7
7.0,77.3,Bachelors,Female,No,6.4,43.7
0.0,99.2,Bachelors,Female,No,8.4,12.0
9.18,62.7,HighSchool,Male,No,8.6,58.8
4.72,80.7,HighSchool,Female,No,8.0,37.8
7.22,67.2,HighSchool,Female,Yes,7.4,55.5
2.92,98.8,Bachelors,Male,Yes,6.7,40.5
6.23,64.5,HighSchool,Male,No,5.6,34.2
2.89,76.1,HighSchool,Male,No,9.3,20.4
3.75,89.5,Bachelors,Female,Yes,6.1,44.5
8.83,88.2,Masters,Female,Yes,7.8,71.5
4.62,76.9,HighSchool,Male,No,8.3,37.1
5.43,73.9,Bachelors,Female,No,6.3,35.1
6.74,75.9,Bachelors,Female,No,8.2,55.8
5.99,70.6,Masters,Female,No,7.9,57.7
5.3,68.2,Masters,Female,No,9.1,48.4
5.73,79.3,HighSchool,Female,No,6.4,40.6
9.81,70.7,HighSchool,Female,No,5.5,64.2
4.88,71.5,Masters,Male,No,6.4,34.7
5.4,86.3,Bachelors,Female,No,7.3,54.3
7.1,98.7,Bachelors,Male,No,7.1,58.3
7.21,84.1,Bachelors,Male,Yes,6.5,47.5
7.37,63.1,Bachelors,Male,No,4.7,49.0
6.28,63.0,Masters,Female,No,7.6,52.6
2.71,98.1,PhD,Female,No,9.4,39.9
8.27,71.9,Bachelors,Male,No,7.6,56.9
2.71,63.7,HighSchool,Male,No,7.7,19.8
5.61,84.0,Masters,Male,Yes,7.7,56.1
3.49,84.9,HighSchool,Female,No,7.5,32.3
4.87,85.9,HighSchool,Male,No,8.1,29.6
5.66,70.7,Masters,Female,No,7.5,46.0
5.64,60.6,HighSchool,Male,No,6.6,46.5
5.84,98.6,HighSchool,Male,Yes,6.0,49.6
8.23,70.0,HighSchool,Male,No,6.7,65.9
5.91,87.0,Masters,Male,Yes,7.4,57.2
4.51,88.3,Bachelors,Female,No,6.6,45.5
6.93,84.4,Bachelors,Male,No,7.4,53.5
7.38,72.5,HighSchool,Male,Yes,7.5,54.7
2.54,70.8,Masters,Male,No,8.0,30.3
6.19,83.9,Masters,Male,Yes,8.5,54.2
6.4,94.6,HighSchool,Male,Yes,7.1,57.7
4.4,97.9,Bachelors,Male,No,5.4,37.7
7.75,64.2,HighSchool,Female,No,6.6,46.4
4.7,66.2,PhD,Female,No,7.1,37.6
5.25,97.8,Bachelors,Male,No,4.8,59.5
4.65,89.5,Masters,Male,No,8.7,49.7
5.03,95.3,HighSchool,Female,No,7.2,47.6
2.81,68.1,Masters,Male,Yes,7.5,29.1
2.12,83.5,Masters,Male,Yes,8.6,39.3
8.19,88.0,Bachelors,Male,No,6.2,60.0
3.31,87.2,PhD,Male,No,7.7,42.1
3.02,76.3,Bachelors,Female,No,6.9,28.0
0.69,60.6,HighSchool,Male,No,6.8,16.9
3.72,83.3,Bachelors,Female,No,6.1,35.8
2.35,70.1,Bachelors,Male,Yes,9.0,27.7
8.28,78.0,Bachelors,Male,Yes,6.5,66.7
7.02,98.3,HighSchool,Female,No,7.8,47.4
3.62,76.0,Bachelors,Male,No,4.7,38.0
9.5,93.6,HighSchool,Female,No,8.4,72.5
6.96,67.5,Bachelors,Male,Yes,8.3,49.2
4.35,86.9,Bachelors,Female,No,7.1,37.8
0.0,99.1,Bachelors,Male,Yes,6.7,23.8
9.58,64.1,HighSchool,Female,Yes,7.5,67.2
2.22,60.3,Bachelors,Male,No,9.7,26.1
1.71,77.3,HighSchool,Female,No,4.9,27.1
7.05,63.7,HighSchool,Male,No,7.9,59.5
9.88,89.9,Masters,Female,Yes,5.9,72.3
7.77,96.6,Masters,Male,No,7.0,52.4
6.13,77.4,Bachelors,Female,No,6.7,54.4
6.19,70.3,Masters,Male,No,6.5,59.4
6.71,77.4,Masters,Male,No,7.0,55.9
6.52,88.9,Masters,Male,Yes,5.6,50.7
5.56,60.4,HighSchool,Male,No,8.2,40.2
5.21,83.6,PhD,Male,No,4.8,41.5
4.87,84.5,Bachelors,Female,Yes,7.6,51.9
3.49,85.5,HighSchool,Female,No,6.6,27.7
4.44,69.7,HighSchool,Male,Yes,5.6,37.1
1.61,88.6,Bachelors,Female,No,7.2,23.3
4.8,63.7,HighSchool,Female,No,5.1,38.1
3.02,68.0,HighSchool,Male,Yes,7.0,30.0
2.79,95.1,HighSchool,Female,No,5.3,34.7
5.36,89.5,Masters,Female,No,7.6,50.6
7.78,60.5,Masters,Female,No,5.9,50.0
6.84,69.9,HighSchool,Male,No,6.5,52.2
1.86,68.6,Masters,Female,No,7.4,28.4
3.02,70.8,Masters,Male,No,6.1,27.4
6.88,69.9,Masters,Male,No,6.9,66.3
3.04,62.5,HighSchool,Male,Yes,5.2,33.2
4.55,78.4,Bachelors,Female,No,7.8,41.4
6.1,89.3,Masters,Female,No,9.1,63.4
3.06,84.3,Bachelors,Female,No,10.0,48.2
5.21,86.9,HighSchool,Female,No,7.1,44.1
2.33,63.2,Bachelors,Male,No,7.9,29.3
3.8,98.1,Bachelors,Male,No,4.9,34.1
5.64,93.5,Bachelors,Male,No,8.8,49.4
1.81,92.2,HighSchool,Male,No,7.9,27.2
5.88,92.9,HighSchool,Female,No,6.4,50.3
4.96,97.3,Masters,Female,No,8.5,52.5
6.1,81.8,Masters,Male,No,6.7,54.6
5.45,68.0,HighSchool,Male,No,6.5,42.5
7.73,84.7,PhD,Male,Yes,7.6,58.1
5.25,89.7,HighSchool,Male,No,5.7,38.4
4.14,89.5,Bachelors,Female,No,8.2,39.4
5.24,80.9,Masters,Female,Yes,5.7,48.5
6.09,62.7,Masters,Female,Yes,5.7,57.1
5.1,74.8,Masters,Male,No,5.9,37.4
5.08,96.8,HighSchool,Male,No,7.9,43.6
3.6,83.4,Masters,Male,No,6.3,44.5
3.67,81.5,HighSchool,Female,No,5.4,33.6
2.19,70.8,Bachelors,Female,Yes,6.3,34.0
8.5,74.7,Bachelors,Male,No,7.0,59.1
2.51,95.8,Bachelors,Female,No,5.6,36.1
3.61,86.7,HighSchool,Male,Yes,5.6,36.8
3.56,91.5,Masters,Female,No,9.5,46.9
6.79,78.2,HighSchool,Female,No,6.0,41.3
4.41,85.2,HighSchool,Female,Yes,6.6,41.2
7.5,69.9,Bachelors,Female,Yes,6.6,59.6
3.65,88.2,Bachelors,Male,Yes,6.5,44.3
5.56,77.1,Masters,Male,No,7.7,57.0
3.33,77.7,Bachelors,Male,No,8.1,32.9
9.29,86.0,HighSchool,Male,No,6.6,72.8
2.62,97.5,Masters,Female,No,5.5,33.4
5.62,62.6,Bachelors,Female,No,8.5,52.8
6.27,93.0,HighSchool,Male,No,6.9,55.3
5.83,71.7,Bachelors,Female,No,9.1,42.6
4.63,77.8,Bachelors,Male,Yes,4.3,44.7
4.74,60.9,Bachelors,Male,No,7.2,38.2
5.09,72.0,Bachelors,Male,No,9.3,47.3
4.71,80.1,Masters,Male,No,6.6,42.5
6.93,62.2,Masters,Male,No,6.7,49.6
9.42,79.6,Bachelors,Male,No,7.4,73.9
3.89,97.1,HighSchool,Male,No,6.3,38.4
2.26,64.2,Masters,Female,No,6.6,34.4
4.82,90.6,Bachelors,Male,No,6.6,43.2
10.16,76.4,Bachelors,Male,No,6.2,78.2
3.39,86.2,Bachelors,Male,No,8.5,33.4
8.28,70.4,Masters,Female,No,7.6,57.6
8.36,66.4,Bachelors,Male,No,7.3,66.9
3.89,66.4,HighSchool,Female,No,8.0,32.1
6.14,62.8,Bachelors,Female,No,6.7,56.2
8.26,67.4,Masters,Female,No,6.1,65.2
4.24,86.6,HighSchool,Female,No,6.3,38.7
4.59,95.3,PhD,Male,No,7.0,37.6
3.84,92.6,Bachelors,Male,Yes,5.7,42.5
2.97,87.4,Bachelors,Male,Yes,6.4,38.1
3.7,64.4,HighSchool,Female,No,6.4,39.6
2.55,71.6,HighSchool,Male,No,9.5,38.4
5.07,72.4,Masters,Male,No,4.0,38.7
3.46,70.0,HighSchool,Female,No,6.8,37.5
5.47,80.6,Masters,Male,Yes,9.1,56.6
1.89,81.4,Bachelors,Female,No,7.1,35.7
5.66,74.3,HighSchool,Female,No,7.9,48.1
6.67,74.2,HighSchool,Male,No,7.1,37.1
1.01,93.1,Bachelors,Male,No,6.2,24.8
5.75,91.6,PhD,Male,No,4.3,45.3
7.46,72.3,Bachelors,Female,Yes,7.2,57.1
2.58,96.6,Bachelors,Female,No,6.1,41.2
8.35,98.1,HighSchool,Female,No,6.0,64.2
5.84,73.1,Bachelors,Female,No,6.4,53.9
3.59,74.2,Bachelors,Female,No,9.1,39.4
4.89,80.2,Masters,Male,No,9.9,38.7
6.12,97.6,Bachelors,Male,No,7.3,37.6
5.15,95.1,Bachelors,Female,No,6.4,48.9
6.08,64.1,HighSchool,Male,No,5.6,41.7
3.16,75.7,PhD,Male,No,7.6,31.9
5.34,82.1,HighSchool,Female,No,9.1,35.5
2.17,80.1,HighSchool,Male,No,6.7,22.8
4.78,67.8,Bachelors,Female,No,4.1,38.3
3.19,94.4,Bachelors,Female,No,7.8,42.7
3.53,87.1,Bachelors,Male,Yes,8.2,42.3
7.47,93.5,Bachelors,Female,Yes,5.1,71.2
7.18,94.4,Masters,Male,No,7.2,53.2
6.22,89.9,HighSchool,Male,No,7.5,55.1
2.82,77.6,Masters,Male,No,6.9,34.4
4.37,84.4,Bachelors,Male,No,6.1,44.9
7.43,66.4,Bachelors,Male,Yes,8.2,53.9
5.28,86.9,Bachelors,Male,No,6.5,52.5
9.64,67.2,HighSchool,Male,Yes,5.2,66.0
5.79,87.8,Masters,Male,No,4.5,45.7
5.38,69.2,Bachelors,Female,Yes,8.5,47.9
4.38,64.7,HighSchool,Female,No,7.7,35.3
5.27,66.6,Bachelors,Male,Yes,7.1,48.2
4.7,60.1,PhD,Male,No,6.5,34.7
6.42,88.7,Bachelors,Male,No,6.4,51.9
6.91,89.3,Masters,Male,No,5.7,58.6
3.43,80.6,HighSchool,Female,No,6.5,34.7
2.34,66.5,HighSchool,Female,No,4.5,33.3
1.33,63.3,HighSchool,Male,Yes,6.1,27.0
6.02,60.8,Bachelors,Male,No,6.6,44.5
2.79,66.6,HighSchool,Male,No,7.7,29.4
0.69,95.6,HighSchool,Female,Yes,7.0,28.8
5.78,69.7,Masters,Male,Yes,8.0,53.3
9.99,74.2,Masters,Female,No,8.6,60.1
4.99,64.2,Bachelors,Female,No,8.3,40.1
6.68,68.9,HighSchool,Male,No,7.6,39.1
5.16,80.8,HighSchool,Female,No,7.0,51.1
4.8,84.3,HighSchool,Female,Yes,5.8,44.4
6.84,69.8,Bachelors,Female,Yes,7.9,53.9
4.42,62.3,Masters,Male,No,9.0,45.4
5.53,75.6,Bachelors,Male,Yes,7.4,51.0
5.64,69.4,HighSchool,Female,No,9.3,38.0
3.66,68.8,Bachelors,Female,No,5.2,34.2
6.98,98.4,HighSchool,Female,Yes,5.6,56.4
4.65,84.7,Bachelors,Female,No,8.0,33.7
3.49,82.3,Bachelors,Female,Yes,7.3,36.4
6.07,76.6,Bachelors,Female,No,8.6,48.9
3.2,77.2,HighSchool,Male,Yes,7.0,34.3
5.06,81.6,HighSchool,Female,No,6.0,33.7
4.98,87.9,PhD,Female,No,6.7,56.7
7.17,88.1,HighSchool,Female,No,5.2,53.5
5.95,66.9,HighSchool,Female,No,5.6,44.2
4.95,80.0,HighSchool,Male,Yes,8.2,47.3
6.64,76.5,HighSchool,Female,No,8.0,45.8
7.78,94.8,Bachelors,Female,No,7.4,64.3
6.12,85.3,Masters,Male,No,4.9,48.9
5.02,81.3,HighSchool,Male,Yes,6.6,39.3
2.38,64.6,Bachelors,Male,No,5.5,30.0
2.87,84.2,Bachelors,Male,Yes,8.4,46.3
4.39,64.7,Bachelors,Male,No,6.3,41.4
3.78,73.5,Masters,Male,Yes,5.7,46.0
4.63,65.7,Masters,Female,No,7.0,38.7
5.11,87.7,HighSchool,Female,No,6.2,34.6
6.06,68.3,Masters,Female,No,8.8,59.3
4.86,75.7,Bachelors,Female,No,6.1,54.8
5.97,95.8,PhD,Male,Yes,5.3,66.9
5.13,68.2,Bachelors,Male,No,4.4,38.5
1.05,80.3,PhD,Female,Yes,7.0,24.9
3.12,76.8,Masters,Male,No,6.3,28.7
4.71,60.7,HighSchool,Female,No,5.3,26.2
2.58,91.7,Bachelors,Female,No,8.4,34.8
6.2,62.8,PhD,Female,No,7.8,61.1
8.06,79.0,Masters,Female,No,7.0,60.8
7.44,82.4,HighSchool,Male,No,8.6,56.8
4.57,85.1,Bachelors,Male,Yes,7.8,54.0
7.98,87.5,HighSchool,Female,No,6.0,56.0
5.3,70.1,HighSchool,Male,No,5.8,52.6
4.33,60.4,Bachelors,Female,No,8.0,49.7
3.77,88.9,HighSchool,Male,Yes,7.5,39.6
4.4,81.4,Masters,Female,No,7.2,40.4
4.22,93.4,HighSchool,Female,No,6.0,45.0
5.34,92.9,Masters,Female,Yes,7.7,52.0
5.32,93.7,HighSchool,Male,No,6.1,38.5
5.01,79.4,HighSchool,Male,No,6.9,49.1
5.87,73.3,HighSchool,Female,No,8.7,53.7
7.38,91.7,HighSchool,Male,No,6.2,56.3
6.9,78.1,HighSchool,Female,No,5.1,43.1
2.03,67.3,HighSchool,Female,Yes,5.7,20.1
0.0,94.2,Bachelors,Female,No,8.2,23.6
6.87,95.3,HighSchool,Female,Yes,7.3,55.1
2.27,78.7,Bachelors,Male,No,6.8,27.4
4.55,63.0,Bachelors,Female,No,6.4,44.7
2.66,75.5,Masters,Female,No,7.6,38.6
1.4,92.1,Masters,Male,No,6.0,37.7
6.08,96.1,Bachelors,Female,Yes,7.4,50.4
6.52,68.1,HighSchool,Male,No,6.1,44.2
3.85,62.7,HighSchool,Male,No,5.9,36.3
0.0,95.1,PhD,Male,Yes,6.2,30.8
3.91,75.6,HighSchool,Female,No,6.5,45.1
5.78,81.7,HighSchool,Male,No,6.9,48.2
2.04,98.7,HighSchool,Female,No,7.3,42.7
5.37,62.7,HighSchool,Female,Yes,4.0,45.6
4.97,85.9,HighSchool,Male,No,6.0,48.4
6.16,63.0,Masters,Male,Yes,6.5,48.7
5.24,75.0,HighSchool,Female,Yes,8.8,46.7
3.05,92.2,Bachelors,Male,No,5.7,41.0
7.39,77.3,HighSchool,Female,Yes,7.2,66.7
4.68,99.9,HighSchool,Male,Yes,8.8,52.2
4.95,82.4,Masters,Male,No,5.4,44.4
3.13,72.8,HighSchool,Female,No,7.5,40.2
4.11,68.8,Masters,Male,Yes,6.0,28.2
3.23,74.0,Bachelors,Male,Yes,6.4,27.6
4.65,74.9,HighSchool,Male,No,6.0,42.3
8.42,62.7,PhD,Male,No,6.1,60.8
2.26,74.8,HighSchool,Female,No,10.0,32.9
1.77,78.6,Masters,Female,Yes,8.0,34.0
7.94,88.9,HighSchool,Male,Yes,8.3,65.1
4.58,86.3,Masters,Female,Yes,7.6,44.1
3.66,88.4,HighSchool,Female,Yes,5.1,43.0
7.08,60.3,Bachelors,Male,No,7.5,56.2
3.79,68.7,Masters,Male,Yes,8.3,48.2
8.65,86.5,Masters,Female,No,6.0,77.6
6.36,79.4,Masters,Female,No,8.2,55.2
4.02,60.2,Masters,Female,No,7.8,39.7
9.31,92.2,Masters,Female,No,9.2,62.5
3.79,90.9,HighSchool,Male,No,6.5,34.2
6.48,81.9,HighSchool,Female,No,5.7,48.5
5.6,62.7,HighSchool,Female,No,6.6,48.1
7.6,90.7,Bachelors,Female,No,8.7,56.8
8.12,83.3,Bachelors,Male,No,4.8,63.4
5.06,91.3,Bachelors,Male,No,4.5,44.8
3.49,90.1,HighSchool,Male,No,7.1,35.0
5.92,92.1,Bachelors,Female,No,6.5,52.8
3.64,80.7,HighSchool,Male,No,7.0,32.5
9.03,65.6,HighSchool,Male,No,8.1,56.7
5.27,86.8,Bachelors,Male,Yes,6.3,38.6
4.27,84.8,Masters,Male,Yes,4.8,43.2
5.37,89.7,Bachelors,Female,No,9.5,46.7
2.31,66.8,Bachelors,Female,Yes,5.8,27.7
3.06,67.8,HighSchool,Female,No,5.7,32.2
7.4,95.6,Bachelors,Male,Yes,8.3,66.2
3.69,90.0,HighSchool,Female,No,6.5,39.1
2.91,96.3,Bachelors,Male,No,6.9,42.2
6.07,90.3,Bachelors,Male,No,7.6,54.7
7.37,83.9,HighSchool,Male,No,8.3,53.0
6.44,86.2,HighSchool,Male,No,6.6,47.0
6.99,95.6,PhD,Male,No,8.8,63.3
3.49,83.2,PhD,Female,No,4.4,43.7
2.16,85.3,Bachelors,Female,Yes,7.9,43.2
8.0,66.3,HighSchool,Female,No,6.0,61.4
4.35,79.0,HighSchool,Male,No,8.6,35.6
4.5,88.7,Bachelors,Male,No,7.2,42.2
7.66,70.8,Masters,Male,No,6.2,60.6
6.11,68.1,HighSchool,Female,No,7.8,52.5
5.91,72.6,Masters,Female,Yes,8.1,58.8
9.33,69.7,HighSchool,Female,Yes,7.8,65.1
3.71,68.6,PhD,Male,No,5.8,30.6
6.86,77.0,Bachelors,Female,No,6.4,46.9
5.11,96.3,Masters,Male,No,7.0,50.9
5.54,80.3,HighSchool,Female,No,7.0,47.3
8.06,67.5,Bachelors,Female,No,7.9,51.2
6.02,63.1,HighSchool,Female,No,4.6,43.3
6.08,87.8,HighSchool,Female,No,7.4,53.4
7.15,75.3,Masters,Male,Yes,6.7,51.3
4.27,92.9,Masters,Female,Yes,6.0,54.6
3.32,86.4,Masters,Female,Yes,6.1,39.7
2.91,91.8,Bachelors,Male,Yes,6.7,45.8
1.07,70.9,Masters,Male,Yes,4.0,22.3
9.11,87.7,HighSchool,Male,Yes,6.2,60.0
2.79,70.6,HighSchool,Male,No,5.9,25.3
4.56,97.6,HighSchool,Male,No,7.6,42.5
4.45,85.5,Bachelors,Female,No,6.0,40.0
5.61,73.0,Bachelors,Male,Yes,6.7,46.7
6.63,70.8,HighSchool,Male,No,8.9,50.8
6.72,67.6,Bachelors,Female,No,8.2,50.2
3.83,87.8,Masters,Female,Yes,8.1,45.4
4.67,68.7,Bachelors,Female,No,6.4,30.0
5.57,83.8,HighSchool,Male,Yes,7.7,50.8
4.5,70.6,HighSchool,Female,No,6.7,37.4
8.21,86.5,HighSchool,Female,No,6.8,69.4
5.98,92.6,HighSchool,Male,No,7.5,43.5
6.47,91.1,Bachelors,Male,No,6.3,41.9
6.33,90.4,Bachelors,Female,No,8.8,57.8
7.35,67.5,Bachelors,Female,No,6.8,55.7
5.36,63.5,Bachelors,Female,No,7.7,37.3
2.41,88.0,Masters,Female,Yes,8.7,29.8
5.8,74.7,HighSchool,Female,Yes,8.2,58.3
3.7,77.3,Bachelors,Female,No,5.3,45.1
3.94,61.2,Masters,Male,No,7.5,21.8
6.17,70.4,HighSchool,Male,No,8.0,43.2
7.48,61.3,HighSchool,Male,Yes,8.1,63.7
5.04,95.2,Masters,Female,No,5.7,46.2
5.62,69.7,HighSchool,Female,Yes,6.2,43.2
8.4,82.3,Bachelors,Female,No,8.2,60.9
5.48,61.6,HighSchool,Male,No,6.1,33.0
10.2,86.7,Bachelors,Female,No,6.6,61.4
6.13,72.9,HighSchool,Male,Yes,8.9,56.0
1.48,95.9,HighSchool,Male,No,6.9,16.0
6.51,95.5,Bachelors,Female,No,6.1,56.2
5.76,73.0,HighSchool,Female,No,5.9,49.7
7.58,96.0,Bachelors,Female,No,7.4,52.1
6.35,99.8,HighSchool,Male,No,5.4,45.9
4.72,93.0,HighSchool,Male,No,6.7,49.8
2.55,93.8,HighSchool,Male,No,7.4,35.4
4.58,70.0,HighSchool,Male,No,8.6,34.5
3.3,83.1,Masters,Female,No,7.8,46.2
3.84,62.7,HighSchool,Female,No,6.1,40.0
6.18,63.8,Bachelors,Female,Yes,8.4,52.5
8.34,100.0,HighSchool,Male,No,6.6,56.6
5.79,73.1,HighSchool,Female,No,5.5,41.8
2.61,89.9,Masters,Male,Yes,6.8,40.1
5.89,92.3,HighSchool,Female,No,8.7,49.1
7.39,94.3,PhD,Male,Yes,7.2,71.0
3.78,99.9,HighSchool,Male,No,7.0,30.2
4.73,69.7,Bachelors,Female,No,9.0,33.1
5.03,61.6,Bachelors,Female,No,5.3,41.2
3.43,76.4,Masters,Male,No,5.5,33.2
6.3,65.2,Bachelors,Male,No,5.1,42.3
4.76,60.9,Bachelors,Female,No,7.4,29.1
5.84,74.4,HighSchool,Male,Yes,7.2,47.8
3.23,91.3,HighSchool,Male,Yes,8.9,38.5
4.13,82.6,Masters,Male,Yes,7.3,48.7
6.44,72.5,HighSchool,Male,No,6.5,47.4
4.25,86.2,Bachelors,Female,Yes,7.0,44.2
8.45,69.3,Masters,Female,Yes,7.1,71.7
4.2,60.6,HighSchool,Female,No,5.0,25.7
5.45,90.6,PhD,Female,No,10.0,57.6
6.87,84.9,Bachelors,Male,No,7.6,44.1
2.16,90.5,Bachelors,Male,Yes,7.3,29.5
1.48,61.6,Masters,Male,Yes,7.7,20.3
1.95,93.5,HighSchool,Male,No,7.9,34.1
7.53,84.8,HighSchool,Male,No,6.8,54.6
3.9,82.5,Bachelors,Female,No,6.2,39.0
10.12,85.0,HighSchool,Female,No,7.7,62.8
3.87,94.6,Bachelors,Male,No,7.5,39.2
5.37,83.5,Masters,Female,Yes,6.0,47.0
8.08,83.2,Bachelors,Female,No,8.7,63.7
9.01,99.6,HighSchool,Female,No,7.4,60.7
9.12,90.3,PhD,Female,No,7.9,79.6
7.42,77.7,Bachelors,Female,No,8.7,46.9
7.05,88.3,Bachelors,Female,No,7.0,51.6
6.19,75.6,Bachelors,Female,Yes,7.4,62.8
