Date,Product,Category,Region,SalesAmount
5/20/2024,Smartphone,Electronics,North,565.29
10/29/2024,Keyboard,Accessories,North,901.65
10/14/2024,Headphones,Accessories,North,477.79
1/4/2024,Monitor,Electronics,East,1541.73
3/20/2024,Camera,Electronics,East,509.1
7/2/2024,Printer,Office,North,1710.24
10/1/2024,Laptop,Electronics,West,337.17
10/22/2024,Smartwatch,Accessories,East,465.35
2/10/2024,Headphones,Accessories,East,1725.1
3/24/2024,Monitor,Electronics,East,803.34
9/30/2024,Smartphone,Electronics,South,1485.34
12/16/2024,Smartwatch,Accessories,South,716.14
7/24/2024,Laptop,Electronics,East,608.71
4/18/2024,Mouse,Accessories,East,1345.33
5/15/2024,Monitor,Electronics,South,365.3
10/25/2024,Mouse,Accessories,West,858.86
2/16/2024,Tablet,Electronics,West,1535.99
11/1/2024,Tablet,Electronics,West,220.7
10/10/2024,Monitor,Electronics,East,1735.48
11/24/2024,Smartphone,Electronics,East,746.33
5/14/2024,Monitor,Electronics,North,1946.59
11/23/2024,Smartphone,Electronics,East,1064.56
11/2/2024,Tablet,Electronics,North,715.9
5/2/2024,Camera,Electronics,East,210.06
2/5/2024,Smartphone,Electronics,West,1958.17
10/8/2024,Tablet,Electronics,West,413.74
10/3/2024,Printer,Office,South,1535
8/12/2024,Printer,Office,East,1809.27
6/22/2024,Headphones,Accessories,North,139.97
2/6/2024,Headphones,Accessories,North,1444.9
2/6/2024,Laptop,Electronics,East,1076.9
10/19/2024,Headphones,Accessories,South,1194.8
2/18/2024,Printer,Office,South,284.17
1/28/2024,Printer,Office,West,1379.39
5/7/2024,Camera,Electronics,North,464.02
5/22/2024,Printer,Office,South,978.99
1/26/2024,Keyboard,Accessories,North,1339.08
3/26/2024,Smartphone,Electronics,South,872.19
3/25/2024,Printer,Office,North,820.05
8/4/2024,Monitor,Electronics,East,1423.52
4/7/2024,Monitor,Electronics,South,663.74
6/9/2024,Keyboard,Accessories,North,208.61
1/30/2024,Keyboard,Accessories,South,1925.48
12/11/2024,Smartphone,Electronics,North,1737.46
10/23/2024,Mouse,Accessories,South,1229.59
5/13/2024,Mouse,Accessories,East,488.09
12/9/2024,Printer,Office,South,1326.45
8/22/2024,Smartphone,Electronics,North,1280.2
9/16/2024,Smartphone,Electronics,South,603.88
5/25/2024,Headphones,Accessories,East,399.72
12/7/2024,Mouse,Accessories,North,1652.5
5/15/2024,Smartphone,Electronics,South,319.31
5/24/2024,Tablet,Electronics,East,1249.18
5/8/2024,Smartwatch,Accessories,West,1820.14
1/23/2024,Printer,Office,East,106.74
8/14/2024,Smartwatch,Accessories,South,1148.19
12/19/2024,Smartphone,Electronics,North,1817.46
8/8/2024,Camera,Electronics,South,342.15
4/17/2024,Laptop,Electronics,East,1395.93
11/13/2024,Keyboard,Accessories,West,1524.01
1/13/2024,Tablet,Electronics,West,440.79
5/16/2024,Printer,Office,South,402.48
4/23/2024,Laptop,Electronics,West,479.19
1/13/2024,Headphones,Accessories,South,1354.06
6/28/2024,Smartphone,Electronics,East,1318.82
1/15/2024,Keyboard,Accessories,East,319.15
2/25/2024,Smartwatch,Accessories,North,1233.49
11/6/2024,Camera,Electronics,West,1970.05
5/10/2024,Mouse,Accessories,South,184.33
7/5/2024,Keyboard,Accessories,South,919.47
9/16/2024,Smartphone,Electronics,East,687.64
4/8/2024,Smartwatch,Accessories,South,898.85
7/26/2024,Tablet,Electronics,East,1141.08
10/23/2024,Headphones,Accessories,West,1252.66
9/18/2024,Monitor,Electronics,South,999.05
2/17/2024,Smartwatch,Accessories,East,1655
3/16/2024,Headphones,Accessories,South,146.41
8/21/2024,Mouse,Accessories,North,887.44
7/23/2024,Printer,Office,West,563.57
4/22/2024,Smartphone,Electronics,West,434.18
3/3/2024,Keyboard,Accessories,South,967.28
8/14/2024,Keyboard,Accessories,East,1264.04
3/22/2024,Keyboard,Accessories,West,1512.95
9/23/2024,Headphones,Accessories,East,1020.73
4/30/2024,Smartphone,Electronics,East,616.26
3/18/2024,Smartphone,Electronics,South,539.4
7/27/2024,Smartphone,Electronics,West,728.67
7/18/2024,Headphones,Accessories,West,1819.19
9/1/2024,Laptop,Electronics,West,111.2
10/2/2024,Printer,Office,West,1520.28
4/22/2024,Headphones,Accessories,West,618.58
3/25/2024,Camera,Electronics,West,1696.96
7/20/2024,Keyboard,Accessories,North,1224.6
8/24/2024,Printer,Office,South,445.29
6/16/2024,Headphones,Accessories,West,741.25
2/11/2024,Printer,Office,East,993.58
11/28/2024,Camera,Electronics,South,230.37
1/11/2024,Headphones,Accessories,South,1280.54
8/26/2024,Smartphone,Electronics,South,1428.98
3/24/2024,Mouse,Accessories,North,1932.97
