age,plan,contract,has_internet,monthly_charges,total_minutes,num_complaints,churn
56,Standard,One-year,Yes,135.05,1626.3,1,0
69,Basic,Two-year,Yes,88.93,4706.4,1,1
46,Premium,Month-to-month,Yes,77.33,4573.7,0,0
32,Basic,One-year,Yes,72.58,57.4,0,1
60,Standard,Month-to-month,Yes,94.42,2250.6,1,0
25,Basic,One-year,Yes,124.52,4885.5,0,0
78,Premium,One-year,Yes,89.99,515.6,0,0
38,Basic,Month-to-month,Yes,106.02,2738.9,0,0
56,Basic,Month-to-month,Yes,115.92,4894.8,0,1
75,Basic,Two-year,Yes,87.62,2777.5,0,1
36,Premium,One-year,Yes,75.49,949.1,0,0
40,Basic,Two-year,Yes,133.97,2910.9,0,1
28,Basic,One-year,No,74.28,1022.2,1,0
28,Basic,Two-year,Yes,80.05,2598.5,0,0
41,Standard,Month-to-month,Yes,148.74,370.2,1,0
70,Basic,Month-to-month,Yes,20.03,3027.4,0,0
53,Basic,Month-to-month,Yes,44.11,2583.9,2,1
57,Basic,Month-to-month,No,69.92,3700.8,0,0
41,Standard,Month-to-month,Yes,141.24,3153.5,0,1
20,Standard,One-year,Yes,29.1,2748.0,1,0
39,Standard,Month-to-month,Yes,21.23,3448.9,0,0
70,Premium,Month-to-month,Yes,26.85,719.7,1,0
19,Premium,Two-year,Yes,31.51,2976.8,1,0
41,Basic,Month-to-month,Yes,24.89,860.6,1,0
61,Standard,Month-to-month,Yes,82.37,4627.6,0,1
47,Standard,One-year,Yes,95.5,341.7,1,0
55,Premium,One-year,Yes,55.32,2151.9,0,0
19,Standard,Month-to-month,No,71.78,3479.0,1,1
77,Standard,Month-to-month,Yes,31.92,2290.1,0,0
38,Standard,One-year,Yes,63.73,460.5,0,0
50,Premium,Month-to-month,Yes,87.93,2766.9,0,1
29,Basic,Month-to-month,Yes,115.2,3208.2,0,1
75,Basic,One-year,Yes,20.44,3519.0,1,1
39,Basic,Month-to-month,Yes,80.75,1866.3,0,0
78,Basic,Month-to-month,Yes,58.61,2818.3,1,0
61,Standard,Month-to-month,Yes,130.87,2253.4,0,1
42,Basic,Two-year,Yes,113.02,3360.3,1,1
66,Basic,Two-year,No,96.58,2917.8,1,0
44,Premium,Month-to-month,Yes,56.04,2628.8,1,0
76,Standard,Month-to-month,Yes,138.34,1247.6,0,0
59,Standard,Month-to-month,No,25.86,10.1,0,0
45,Basic,Month-to-month,Yes,34.23,870.4,1,1
77,Basic,Month-to-month,Yes,70.91,585.3,1,1
33,Premium,One-year,Yes,36.18,2245.4,0,0
32,Standard,Month-to-month,Yes,144.33,3061.3,0,0
79,Basic,Month-to-month,Yes,123.74,1065.4,1,1
79,Premium,Month-to-month,Yes,53.67,4695.3,0,0
64,Premium,Month-to-month,Yes,96.51,33.4,1,0
79,Premium,Month-to-month,Yes,147.7,3861.5,1,1
68,Standard,Month-to-month,No,134.95,3126.0,0,1
61,Basic,One-year,Yes,98.1,1867.8,0,0
72,Standard,One-year,No,137.48,252.4,2,1
69,Standard,Month-to-month,No,148.59,3137.4,0,1
74,Basic,Month-to-month,Yes,116.64,1928.1,0,1
20,Standard,Month-to-month,No,28.45,4681.3,0,0
54,Basic,Month-to-month,Yes,72.21,2710.0,1,1
68,Standard,One-year,No,128.92,4698.3,0,0
24,Basic,Month-to-month,Yes,49.97,1102.4,0,1
38,Standard,One-year,Yes,127.98,3628.6,0,0
26,Basic,One-year,Yes,35.64,3086.2,0,1
56,Premium,Two-year,Yes,26.1,3697.0,0,0
35,Standard,Two-year,No,69.93,1073.3,0,0
21,Standard,Month-to-month,No,24.78,3325.0,0,1
42,Premium,Two-year,Yes,144.45,2490.2,0,1
77,Standard,One-year,No,127.41,3714.1,0,0
31,Premium,One-year,Yes,124.1,1635.2,0,0
67,Basic,Month-to-month,Yes,101.87,4450.3,0,1
75,Basic,Two-year,Yes,48.12,421.5,0,0
26,Basic,Month-to-month,Yes,87.37,4035.9,0,1
43,Basic,One-year,Yes,97.65,4306.6,0,0
70,Premium,Month-to-month,Yes,88.25,4086.3,0,1
19,Basic,One-year,Yes,53.83,2563.6,2,0
37,Standard,Month-to-month,Yes,86.98,2191.9,0,0
45,Standard,Month-to-month,Yes,83.85,4981.3,1,0
64,Standard,Month-to-month,Yes,149.52,1145.9,0,1
77,Standard,Month-to-month,Yes,136.67,2734.4,0,1
24,Standard,Month-to-month,No,80.24,3353.4,1,0
61,Basic,Month-to-month,No,100.98,3504.3,0,1
78,Basic,One-year,Yes,117.22,1020.1,1,1
25,Standard,One-year,Yes,24.53,3270.0,0,0
64,Standard,One-year,No,136.34,4091.8,0,0
52,Standard,Month-to-month,Yes,131.82,250.1,0,1
31,Premium,Month-to-month,Yes,79.47,4557.6,1,0
34,Standard,Month-to-month,Yes,70.85,147.5,0,0
53,Standard,Two-year,Yes,55.48,1779.9,1,0
67,Basic,Two-year,Yes,81.97,79.1,1,1
57,Standard,Month-to-month,Yes,25.77,385.7,0,0
21,Standard,Month-to-month,Yes,130.79,4555.8,1,0
19,Basic,Two-year,Yes,24.6,1774.3,0,0
79,Basic,Two-year,No,62.78,2123.9,0,1
23,Standard,Two-year,Yes,141.11,1076.7,3,0
71,Basic,One-year,Yes,115.58,2985.5,0,0
59,Basic,Month-to-month,Yes,56.58,2974.0,0,0
21,Standard,Month-to-month,Yes,52.84,1861.0,1,1
71,Basic,Month-to-month,No,20.66,1665.2,1,1
46,Premium,Month-to-month,Yes,110.44,4424.8,3,1
35,Basic,Month-to-month,No,26.34,1916.4,0,0
43,Standard,Month-to-month,Yes,89.24,2467.5,0,0
61,Standard,Month-to-month,Yes,145.08,1416.5,0,0
51,Premium,Month-to-month,Yes,34.23,3933.8,0,0
27,Basic,Month-to-month,Yes,136.28,1987.2,0,0
79,Standard,Month-to-month,No,148.89,2568.1,0,0
53,Standard,Month-to-month,Yes,28.0,1266.8,1,0
31,Standard,One-year,Yes,134.78,4938.3,0,0
48,Standard,One-year,No,87.09,1457.5,1,0
65,Standard,Month-to-month,Yes,137.85,3853.7,0,0
32,Premium,Month-to-month,No,94.27,2137.5,0,0
25,Basic,Month-to-month,Yes,106.07,1031.1,1,1
31,Basic,One-year,Yes,90.69,3998.6,0,0
40,Premium,Month-to-month,Yes,132.38,1668.0,1,1
77,Basic,Month-to-month,Yes,115.41,4326.0,1,1
74,Premium,Two-year,Yes,87.76,4576.3,1,1
79,Standard,Month-to-month,Yes,132.86,4299.1,0,1
57,Standard,Month-to-month,Yes,51.89,175.0,0,0
38,Basic,Month-to-month,Yes,40.45,3936.9,0,0
33,Basic,Month-to-month,Yes,40.85,2056.7,0,0
62,Standard,Month-to-month,No,63.42,4368.6,0,0
35,Premium,Two-year,Yes,51.03,3189.8,2,0
64,Premium,Month-to-month,Yes,140.91,4168.2,0,1
70,Basic,One-year,Yes,33.76,2497.2,0,0
41,Basic,Month-to-month,Yes,110.87,2675.1,0,0
43,Basic,Month-to-month,No,44.6,721.9,1,1
42,Premium,Month-to-month,Yes,134.61,3919.9,2,0
77,Basic,Month-to-month,No,144.97,2096.9,1,1
77,Basic,Month-to-month,Yes,80.51,2500.4,0,0
77,Basic,Month-to-month,Yes,134.28,3925.5,0,1
62,Basic,Two-year,Yes,20.67,2994.2,0,0
58,Premium,Month-to-month,No,126.59,1005.5,0,0
46,Standard,Month-to-month,No,49.72,2951.2,0,0
32,Basic,Month-to-month,Yes,138.13,2038.2,1,1
62,Basic,Month-to-month,No,20.15,2347.6,0,0
18,Basic,Month-to-month,Yes,92.3,141.6,0,0
42,Basic,Month-to-month,No,118.36,1050.1,1,1
24,Basic,Month-to-month,Yes,53.63,1405.2,2,1
26,Standard,Month-to-month,Yes,45.11,3564.8,1,0
41,Basic,One-year,Yes,30.93,57.5,0,0
18,Basic,Month-to-month,No,62.44,2043.9,1,0
61,Basic,Month-to-month,No,92.78,4620.1,0,1
25,Standard,One-year,No,35.06,559.4,0,0
41,Standard,Two-year,No,68.97,2582.1,0,0
28,Standard,One-year,Yes,21.18,3932.6,1,0
68,Standard,Month-to-month,No,126.43,4712.7,1,0
34,Standard,One-year,No,36.7,3733.9,1,0
25,Basic,Month-to-month,Yes,56.83,3602.8,0,1
52,Premium,Month-to-month,Yes,22.4,4132.4,1,0
52,Basic,Two-year,Yes,76.19,2231.0,0,0
50,Standard,Month-to-month,No,129.22,4029.2,0,1
76,Standard,Two-year,No,70.98,39.8,1,0
22,Standard,One-year,No,43.33,4622.8,1,0
59,Premium,One-year,No,117.98,2216.5,0,0
56,Standard,One-year,No,122.54,2766.9,1,0
75,Premium,Month-to-month,Yes,42.59,1274.4,2,0
58,Premium,Month-to-month,Yes,120.21,3712.7,0,1
45,Premium,Two-year,Yes,143.15,383.2,0,0
24,Premium,One-year,Yes,41.63,4363.2,2,1
26,Premium,Two-year,Yes,120.23,4140.6,0,0
25,Standard,Two-year,No,112.11,1080.3,0,0
29,Basic,Two-year,Yes,81.56,4046.6,1,0
51,Basic,One-year,Yes,27.53,3931.8,0,1
50,Standard,Month-to-month,Yes,29.71,3161.1,0,0
65,Premium,Month-to-month,Yes,130.81,1867.6,1,0
72,Standard,One-year,Yes,148.72,1357.5,1,0
40,Premium,Month-to-month,Yes,107.89,1158.9,0,0
79,Premium,Month-to-month,Yes,77.97,1593.0,2,0
41,Basic,Month-to-month,Yes,104.18,4517.8,0,0
54,Basic,Two-year,Yes,97.27,388.2,0,0
52,Basic,Two-year,Yes,69.87,4144.4,0,0
61,Basic,One-year,Yes,28.53,1744.5,1,0
57,Standard,Month-to-month,Yes,126.8,2608.0,0,0
39,Premium,One-year,Yes,68.34,3972.4,0,0
44,Standard,One-year,Yes,126.44,4421.9,0,0
52,Standard,Month-to-month,No,52.83,1723.9,0,0
18,Basic,Month-to-month,Yes,20.13,2309.2,0,1
52,Basic,Month-to-month,Yes,40.66,2072.6,0,0
54,Standard,Month-to-month,Yes,80.91,66.3,1,0
64,Basic,One-year,Yes,142.76,1479.7,0,1
31,Basic,Month-to-month,Yes,33.29,2295.9,2,1
20,Standard,Two-year,Yes,131.05,2055.5,0,0
18,Basic,Month-to-month,Yes,88.51,3609.6,0,0
22,Premium,Month-to-month,Yes,127.37,1924.0,0,1
43,Basic,Month-to-month,Yes,58.79,2446.9,0,0
72,Basic,Month-to-month,Yes,129.19,2148.0,0,0
31,Basic,Month-to-month,Yes,120.47,3703.1,1,1
56,Basic,Month-to-month,No,49.91,4314.9,0,1
44,Standard,Month-to-month,Yes,37.07,2659.4,0,0
26,Standard,Month-to-month,Yes,132.85,3947.2,0,0
32,Standard,One-year,Yes,145.22,1483.9,1,1
32,Standard,Month-to-month,No,24.07,2706.8,2,1
43,Basic,Month-to-month,Yes,115.07,1726.1,0,1
59,Standard,One-year,Yes,138.24,2071.0,2,0
77,Basic,Month-to-month,Yes,131.46,3662.1,1,1
30,Basic,One-year,Yes,145.39,4408.3,1,0
68,Standard,Two-year,Yes,118.81,607.5,0,0
49,Premium,Month-to-month,Yes,77.5,3173.2,1,0
56,Standard,Two-year,Yes,60.55,2910.7,0,0
66,Basic,One-year,Yes,61.7,592.1,0,0
69,Basic,Two-year,Yes,114.17,1059.5,2,0
78,Premium,One-year,Yes,116.96,1555.0,0,0
49,Basic,Month-to-month,Yes,46.05,834.7,1,1
21,Basic,Two-year,Yes,132.86,1218.6,0,0
47,Basic,Month-to-month,No,112.94,1338.0,1,1
54,Basic,Month-to-month,Yes,93.16,1678.4,0,0
40,Basic,Month-to-month,No,81.3,3747.0,0,1
56,Standard,Month-to-month,Yes,90.62,2859.6,0,1
62,Standard,Month-to-month,Yes,40.7,4931.2,1,0
32,Premium,One-year,Yes,46.48,2073.7,1,0
60,Basic,Two-year,Yes,31.85,3769.3,0,0
46,Basic,Month-to-month,Yes,39.98,4357.3,0,1
53,Standard,Two-year,Yes,78.98,3394.9,1,1
30,Standard,Two-year,Yes,88.95,2059.3,2,0
49,Standard,Month-to-month,Yes,22.32,3768.0,1,0
24,Premium,Month-to-month,Yes,123.58,1018.3,1,1
76,Basic,One-year,Yes,58.24,1637.8,0,1
68,Premium,One-year,Yes,138.54,2733.4,1,0
39,Standard,One-year,No,145.78,2877.0,0,0
45,Basic,One-year,No,44.11,110.7,2,0
19,Premium,Month-to-month,Yes,80.07,4725.6,1,0
59,Standard,Month-to-month,Yes,20.16,3483.1,0,0
62,Basic,Month-to-month,No,97.78,2478.5,0,0
79,Basic,Month-to-month,No,98.95,4665.6,0,0
74,Basic,One-year,Yes,52.18,2195.5,1,0
70,Standard,One-year,No,92.59,4902.2,0,0
23,Basic,Month-to-month,Yes,49.32,2561.4,0,1
45,Basic,Two-year,Yes,40.91,571.4,0,0
45,Basic,Month-to-month,Yes,104.7,3824.0,0,1
61,Standard,One-year,Yes,62.37,3394.5,1,1
61,Premium,One-year,No,96.73,3864.9,2,0
37,Standard,Two-year,Yes,76.32,4757.2,1,0
47,Basic,One-year,Yes,147.97,3882.4,0,0
79,Premium,Month-to-month,Yes,39.45,3056.7,0,0
28,Standard,Two-year,Yes,80.4,4286.5,0,0
75,Premium,One-year,Yes,108.46,3366.2,0,0
72,Standard,Month-to-month,No,71.42,2040.6,1,0
45,Standard,One-year,Yes,146.71,4428.1,1,1
42,Standard,Two-year,Yes,113.85,1109.5,1,1
56,Basic,Month-to-month,No,105.41,3573.2,0,1
79,Standard,Month-to-month,Yes,118.42,4407.8,0,1
50,Premium,One-year,No,143.84,3656.6,0,1
18,Premium,One-year,Yes,138.02,3486.4,0,0
74,Premium,Month-to-month,Yes,114.16,3763.2,1,0
44,Standard,Month-to-month,Yes,117.39,2325.3,1,0
79,Basic,Month-to-month,No,38.97,4370.9,1,0
74,Basic,One-year,Yes,33.36,1017.2,0,1
69,Standard,One-year,Yes,94.22,636.9,2,0
30,Standard,Month-to-month,Yes,22.39,1427.5,0,1
58,Basic,Month-to-month,Yes,82.71,2657.9,0,1
20,Basic,Month-to-month,Yes,47.35,2552.8,0,0
56,Standard,One-year,No,64.98,4103.0,1,0
23,Standard,Month-to-month,No,120.85,2022.8,0,0
25,Premium,Month-to-month,Yes,142.36,2421.7,0,0
44,Standard,Month-to-month,Yes,29.41,66.8,0,0
26,Standard,One-year,Yes,89.45,2048.7,1,0
79,Standard,Month-to-month,Yes,134.73,3238.9,0,0
54,Premium,Month-to-month,No,30.73,77.5,1,0
50,Standard,Two-year,No,127.19,1404.4,0,0
68,Premium,Month-to-month,No,66.51,1039.8,0,0
59,Premium,Month-to-month,Yes,61.87,209.9,0,0
61,Premium,Two-year,Yes,147.07,2396.3,0,1
41,Basic,Month-to-month,Yes,46.11,908.6,0,0
32,Basic,Month-to-month,Yes,110.12,3715.4,1,0
76,Basic,Month-to-month,Yes,126.79,4239.6,1,0
71,Basic,One-year,No,25.35,2727.9,2,1
49,Basic,Month-to-month,No,107.15,4908.5,1,1
49,Basic,One-year,No,143.7,2252.4,1,0
41,Basic,Month-to-month,No,36.15,2566.8,1,0
58,Standard,Month-to-month,Yes,136.51,4946.1,0,1
69,Standard,One-year,Yes,97.32,1157.7,0,0
66,Basic,Two-year,Yes,100.16,4712.7,1,0
79,Standard,Month-to-month,Yes,99.68,214.2,0,1
66,Standard,One-year,Yes,58.85,2231.9,0,0
75,Standard,Month-to-month,Yes,141.58,350.0,0,1
69,Premium,Month-to-month,Yes,143.16,3646.2,1,0
29,Basic,Month-to-month,Yes,101.29,3042.0,0,0
79,Basic,One-year,Yes,121.84,3533.2,1,0
56,Standard,Month-to-month,Yes,99.59,1872.4,0,0
19,Basic,Month-to-month,Yes,82.97,1847.4,0,1
20,Standard,Month-to-month,Yes,105.91,226.6,2,0
66,Basic,Month-to-month,Yes,91.89,1749.7,0,0
54,Basic,Two-year,No,97.67,4646.4,0,0
66,Basic,Two-year,Yes,121.9,1896.1,0,0
73,Basic,One-year,Yes,82.52,4156.8,0,1
34,Standard,Month-to-month,Yes,25.3,4211.6,1,0
76,Standard,Month-to-month,No,41.32,1866.2,1,0
66,Basic,One-year,Yes,77.02,3159.9,1,1
19,Basic,Two-year,No,114.23,476.9,0,0
19,Basic,Month-to-month,No,97.13,518.4,0,0
45,Basic,One-year,No,104.54,243.3,0,0
71,Premium,Two-year,Yes,82.31,2905.1,2,0
40,Basic,Two-year,Yes,100.05,2130.4,0,0
54,Standard,Month-to-month,Yes,62.77,2740.2,0,0
49,Premium,Month-to-month,Yes,81.12,2605.4,1,0
50,Basic,Month-to-month,Yes,116.76,1751.0,0,0
18,Standard,Month-to-month,No,133.34,3387.4,0,0
36,Premium,Month-to-month,No,76.38,3792.5,0,0
79,Premium,Month-to-month,Yes,25.68,73.1,1,0
19,Standard,One-year,Yes,41.02,1036.2,1,1
70,Standard,Month-to-month,No,22.71,3566.2,0,1
61,Premium,Month-to-month,Yes,104.92,1933.1,2,0
43,Basic,One-year,Yes,63.2,3312.4,0,0
49,Premium,One-year,Yes,90.52,1734.8,0,0
23,Standard,One-year,Yes,84.13,1953.8,1,0
49,Standard,Month-to-month,Yes,30.6,793.4,0,1
72,Premium,One-year,Yes,72.42,1291.2,4,1
21,Premium,Month-to-month,Yes,48.67,3027.1,0,0
72,Basic,Month-to-month,Yes,74.39,2165.8,0,0
28,Basic,One-year,Yes,46.47,3871.5,0,0
73,Standard,Month-to-month,Yes,129.26,4262.9,0,0
76,Standard,Month-to-month,Yes,42.65,2708.2,0,1
34,Standard,Month-to-month,Yes,144.9,3791.3,0,1
55,Premium,Month-to-month,No,74.07,1534.5,0,0
41,Premium,Month-to-month,Yes,130.01,2074.9,0,0
22,Standard,One-year,Yes,101.74,3563.9,0,0
69,Basic,Month-to-month,No,115.6,1931.1,0,0
51,Standard,Two-year,No,119.8,2942.5,0,0
23,Standard,Month-to-month,No,85.63,926.9,1,1
39,Standard,Month-to-month,Yes,90.63,2998.9,0,1
28,Standard,Month-to-month,Yes,86.82,4307.6,1,0
65,Standard,Month-to-month,No,96.45,4343.2,0,0
33,Basic,One-year,No,23.82,3621.7,0,1
50,Basic,Month-to-month,No,71.42,3728.8,0,0
26,Standard,Month-to-month,Yes,98.8,2789.6,1,0
77,Basic,One-year,Yes,97.7,2923.3,1,0
76,Basic,Month-to-month,Yes,123.08,668.3,0,1
23,Basic,Two-year,Yes,105.15,2219.3,0,0
33,Standard,One-year,Yes,148.98,2253.9,0,0
46,Basic,Month-to-month,Yes,56.9,4792.5,0,1
20,Premium,Month-to-month,Yes,66.69,2155.4,0,0
37,Standard,Month-to-month,Yes,69.9,2746.7,0,0
77,Standard,One-year,Yes,80.56,2666.3,1,0
76,Standard,Month-to-month,No,128.68,3183.8,1,0
53,Basic,Month-to-month,No,50.65,3741.2,0,1
36,Standard,Month-to-month,Yes,120.88,1125.2,0,0
43,Premium,Month-to-month,Yes,72.69,2643.6,0,0
20,Standard,Month-to-month,No,98.24,4129.6,1,0
36,Premium,One-year,Yes,102.23,2315.6,1,0
37,Standard,Month-to-month,Yes,68.47,1392.3,1,1
49,Basic,Two-year,Yes,86.64,3273.5,1,0
24,Basic,One-year,Yes,73.69,4118.8,0,1
69,Standard,Month-to-month,Yes,28.99,315.7,0,1
58,Basic,Month-to-month,Yes,76.83,3884.0,0,0
50,Basic,Month-to-month,Yes,32.66,4108.2,1,0
57,Premium,One-year,Yes,72.65,2307.6,0,0
56,Basic,Month-to-month,Yes,97.08,4916.5,0,0
35,Basic,Two-year,Yes,95.32,3933.5,0,0
57,Premium,One-year,Yes,106.14,3868.3,0,0
18,Premium,Month-to-month,Yes,32.38,3739.2,1,0
28,Basic,One-year,Yes,104.78,753.0,1,1
45,Premium,Month-to-month,Yes,60.58,1086.2,0,1
74,Premium,One-year,Yes,71.88,2320.0,1,0
42,Standard,Month-to-month,Yes,131.54,1320.0,0,1
67,Basic,Month-to-month,Yes,21.17,2076.2,1,1
40,Basic,Month-to-month,Yes,96.49,4442.3,0,0
48,Standard,Two-year,Yes,97.83,4121.6,1,0
47,Basic,Month-to-month,Yes,71.57,3150.2,0,0
59,Premium,Two-year,Yes,50.81,4290.6,2,1
52,Standard,Month-to-month,Yes,50.51,3918.9,0,0
24,Standard,Month-to-month,Yes,134.88,2144.9,0,0
77,Premium,Month-to-month,Yes,77.46,1005.3,2,1
33,Premium,Month-to-month,Yes,63.02,2571.0,0,0
43,Basic,Month-to-month,No,78.34,3681.1,0,1
65,Basic,Month-to-month,Yes,107.02,2182.1,1,0
74,Standard,One-year,Yes,38.95,3333.9,2,0
69,Basic,Month-to-month,Yes,78.43,471.6,0,1
77,Standard,Month-to-month,Yes,96.42,3740.0,0,1
66,Standard,Month-to-month,No,143.32,4063.6,0,1
19,Premium,One-year,Yes,52.83,3534.2,0,0
18,Standard,Month-to-month,Yes,66.7,4836.3,0,0
65,Standard,Month-to-month,Yes,69.32,4133.3,1,1
79,Basic,Month-to-month,Yes,98.72,4515.5,0,1
29,Standard,One-year,Yes,66.38,4667.9,0,0
22,Basic,One-year,Yes,89.36,4006.7,0,0
54,Premium,Month-to-month,No,121.63,3371.3,1,1
49,Basic,Month-to-month,Yes,111.7,28.6,0,1
76,Standard,Two-year,Yes,78.03,2329.1,0,0
72,Basic,Two-year,Yes,132.35,2855.8,0,0
26,Basic,One-year,Yes,92.56,1520.2,0,0
58,Standard,Two-year,Yes,90.19,1590.5,0,0
52,Standard,One-year,Yes,24.44,4805.8,2,1
36,Basic,One-year,Yes,148.27,4458.6,2,1
65,Basic,Month-to-month,Yes,35.99,4245.9,0,0
33,Standard,Month-to-month,No,50.05,2030.1,1,1
20,Standard,Month-to-month,Yes,26.72,68.5,2,1
37,Basic,One-year,Yes,103.2,401.1,2,0
41,Standard,Two-year,Yes,49.21,1561.0,0,0
71,Basic,One-year,Yes,43.4,78.7,0,1
73,Standard,Month-to-month,Yes,31.51,85.7,0,0
50,Basic,Month-to-month,Yes,33.43,4583.0,1,1
41,Standard,Month-to-month,Yes,96.01,3530.8,0,1
69,Basic,Month-to-month,Yes,109.47,1544.8,0,0
28,Premium,One-year,No,71.66,663.2,3,0
66,Basic,Two-year,Yes,82.39,2558.2,2,0
25,Basic,Month-to-month,Yes,109.18,26.7,0,1
53,Basic,Month-to-month,Yes,22.26,4692.1,0,1
55,Premium,One-year,Yes,62.01,2074.1,1,0
57,Standard,Month-to-month,Yes,146.5,2011.7,0,0
37,Standard,Two-year,Yes,95.41,1953.0,1,1
79,Premium,Month-to-month,Yes,53.05,346.6,0,0
52,Premium,Month-to-month,Yes,87.82,3191.6,1,0
65,Standard,Month-to-month,Yes,64.54,3665.0,1,0
79,Basic,Month-to-month,Yes,89.19,3380.6,0,0
42,Premium,Month-to-month,Yes,36.35,692.2,1,0
52,Basic,Month-to-month,No,37.25,2894.2,0,1
42,Standard,Month-to-month,No,38.66,2847.4,1,0
46,Standard,Month-to-month,No,142.18,4342.1,2,1
35,Standard,Month-to-month,Yes,115.28,1895.6,0,1
63,Standard,Month-to-month,Yes,41.11,1857.4,1,0
35,Standard,Month-to-month,Yes,44.49,3092.6,0,0
19,Premium,One-year,Yes,115.01,3165.4,0,0
71,Basic,Two-year,Yes,40.3,2346.4,0,0
52,Basic,Month-to-month,Yes,50.49,2215.3,0,0
33,Standard,Month-to-month,Yes,145.24,2470.7,1,0
78,Premium,Month-to-month,Yes,53.19,4305.2,0,1
58,Basic,Month-to-month,Yes,106.01,2305.8,2,0
53,Basic,One-year,Yes,147.22,4699.7,0,0
50,Basic,One-year,Yes,68.66,2520.0,1,1
21,Basic,One-year,No,22.28,4746.0,2,0
50,Premium,Month-to-month,Yes,51.74,4164.2,0,0
31,Standard,Month-to-month,Yes,128.01,1812.2,1,0
38,Standard,Two-year,Yes,132.4,4318.2,1,1
65,Standard,Month-to-month,Yes,119.91,550.3,0,0
37,Standard,Month-to-month,Yes,34.7,4625.2,0,1
73,Basic,Two-year,Yes,123.42,3158.2,0,0
25,Basic,One-year,Yes,139.43,272.0,0,0
24,Standard,One-year,Yes,98.08,3221.3,0,0
20,Basic,Month-to-month,Yes,142.31,4871.2,0,1
34,Standard,Month-to-month,Yes,127.49,349.0,1,1
50,Basic,Month-to-month,Yes,106.71,2773.4,1,0
65,Basic,One-year,Yes,95.03,3739.0,1,0
29,Basic,Month-to-month,Yes,65.31,4051.3,1,0
76,Standard,One-year,Yes,40.71,2069.1,0,0
68,Basic,One-year,No,98.64,1020.8,0,1
39,Premium,Month-to-month,Yes,61.35,211.7,0,1
72,Basic,Month-to-month,Yes,132.64,2898.6,1,1
39,Standard,Month-to-month,Yes,149.13,2264.6,2,1
63,Premium,One-year,Yes,117.82,4743.7,1,1
47,Premium,One-year,Yes,31.76,303.0,0,0
55,Premium,One-year,Yes,57.53,3427.0,0,0
55,Basic,Month-to-month,No,34.18,124.8,2,1
62,Basic,Month-to-month,Yes,104.57,857.2,0,0
68,Standard,One-year,Yes,119.47,2267.9,1,0
71,Basic,Month-to-month,No,140.34,2274.4,1,0
25,Basic,One-year,Yes,76.96,3428.5,0,0
44,Premium,One-year,Yes,137.18,4551.1,1,0
44,Standard,Month-to-month,Yes,134.13,3195.2,2,1
51,Standard,Month-to-month,Yes,61.24,4767.7,0,1
38,Premium,Month-to-month,Yes,132.96,4408.1,2,1
47,Standard,Month-to-month,Yes,68.84,2922.5,1,1
50,Standard,One-year,No,58.59,4169.0,0,0
45,Standard,One-year,Yes,104.38,3212.9,1,0
64,Basic,Two-year,Yes,62.69,392.8,1,0
50,Basic,One-year,Yes,101.93,3702.8,1,1
22,Premium,Month-to-month,Yes,99.28,474.5,0,0
77,Premium,Month-to-month,Yes,93.25,2970.4,1,1
78,Premium,One-year,Yes,69.45,3513.2,0,0
65,Standard,Month-to-month,Yes,91.3,332.6,0,1
36,Premium,One-year,Yes,97.54,1154.0,0,1
21,Basic,One-year,Yes,90.94,4578.4,1,0
52,Basic,Month-to-month,No,77.77,3081.6,0,0
66,Standard,Month-to-month,Yes,21.91,1231.4,0,1
34,Standard,Month-to-month,Yes,96.32,3453.4,0,1
61,Basic,Two-year,No,41.9,2983.9,0,0
45,Basic,Month-to-month,Yes,103.53,2507.9,0,0
47,Basic,Two-year,No,118.71,4880.9,0,1
46,Standard,Month-to-month,Yes,85.06,3417.3,2,0
63,Standard,Two-year,Yes,90.51,1877.2,0,0
70,Standard,Month-to-month,No,143.69,4000.4,0,1
23,Basic,Month-to-month,Yes,130.13,4422.9,0,1
52,Standard,One-year,No,138.85,626.1,0,0
77,Standard,Two-year,No,125.79,1002.8,0,0
58,Standard,Month-to-month,No,34.16,1081.1,0,0
54,Basic,One-year,Yes,39.37,3456.1,0,0
41,Standard,Two-year,Yes,88.46,3015.2,0,0
46,Premium,Month-to-month,Yes,51.99,3095.0,0,0
66,Basic,Month-to-month,No,81.97,4703.9,0,1
63,Basic,Two-year,Yes,71.27,3879.6,0,1
70,Standard,Month-to-month,Yes,91.42,639.7,0,0
48,Standard,Month-to-month,Yes,117.09,1737.5,0,0
52,Basic,One-year,Yes,113.01,2177.0,0,0
77,Basic,Month-to-month,Yes,87.76,1979.8,0,0
50,Basic,Month-to-month,Yes,126.91,3346.5,0,1
69,Premium,Two-year,No,76.01,4459.5,0,0
78,Standard,Month-to-month,Yes,136.57,1530.3,0,1
38,Standard,One-year,No,29.27,2759.4,0,0
49,Premium,One-year,Yes,144.11,3947.0,1,0
40,Basic,Month-to-month,Yes,105.11,2081.1,0,1
50,Premium,Month-to-month,Yes,69.41,840.6,1,0
20,Standard,Month-to-month,Yes,45.63,2374.8,0,0
35,Basic,Month-to-month,Yes,82.29,276.1,2,1
42,Premium,One-year,Yes,45.29,4711.9,0,0
59,Premium,One-year,Yes,41.62,374.1,0,0
48,Premium,Month-to-month,Yes,100.26,2192.3,0,0
71,Basic,Month-to-month,Yes,88.0,2649.4,0,1
75,Premium,Month-to-month,Yes,107.11,4926.5,0,0
20,Premium,Month-to-month,Yes,140.85,830.1,0,0
57,Basic,Month-to-month,Yes,89.19,572.2,2,0
63,Basic,Month-to-month,Yes,95.52,43.5,1,1
41,Basic,One-year,No,31.65,777.9,1,0
67,Premium,Month-to-month,Yes,113.29,1036.4,0,0
49,Standard,Month-to-month,Yes,71.99,3152.9,0,0
64,Basic,One-year,Yes,146.97,1098.5,0,0
39,Basic,Month-to-month,Yes,127.01,102.6,0,1
40,Basic,Month-to-month,Yes,87.92,4133.1,1,1
19,Standard,Month-to-month,Yes,36.02,1828.0,0,0
44,Standard,Month-to-month,Yes,131.72,1768.5,0,0
59,Premium,Month-to-month,Yes,123.97,1512.4,0,0
19,Standard,Two-year,Yes,44.0,4876.9,4,0
43,Standard,Month-to-month,Yes,58.39,850.6,0,0
34,Basic,Two-year,Yes,123.14,4491.2,0,1
57,Basic,Month-to-month,No,44.08,3884.0,1,1
50,Standard,Month-to-month,Yes,139.31,382.4,0,0
26,Basic,Month-to-month,No,75.19,4933.6,1,1
60,Basic,Month-to-month,Yes,31.32,1356.8,0,0
71,Premium,Month-to-month,Yes,126.05,492.9,1,1
65,Standard,Month-to-month,Yes,68.56,4146.6,0,0
56,Basic,Month-to-month,Yes,88.44,3533.4,1,0
46,Basic,Month-to-month,Yes,34.6,3086.1,1,0
59,Basic,Month-to-month,Yes,20.34,779.9,0,1
72,Premium,Month-to-month,Yes,102.94,2392.5,1,1
43,Basic,Month-to-month,Yes,86.97,3902.8,0,1
52,Basic,One-year,Yes,97.16,1518.1,1,1
67,Standard,Two-year,Yes,123.19,1558.4,0,1
42,Basic,Month-to-month,Yes,104.06,15.7,0,1
41,Basic,Month-to-month,Yes,42.72,871.2,0,1
30,Basic,Month-to-month,Yes,66.9,4377.0,0,1
77,Basic,Two-year,Yes,137.77,2208.7,0,1
75,Basic,Month-to-month,No,120.09,4921.2,2,0
24,Basic,One-year,No,92.36,1978.5,0,0
74,Premium,Month-to-month,Yes,53.23,3575.9,0,0
53,Basic,Month-to-month,Yes,59.27,1409.6,0,1
62,Standard,Month-to-month,Yes,115.15,1819.0,1,1
37,Standard,Month-to-month,Yes,130.65,953.6,1,0
18,Standard,Two-year,Yes,107.29,1735.3,0,1
25,Basic,Month-to-month,Yes,125.24,2736.2,0,0
63,Basic,Month-to-month,Yes,119.67,4958.9,0,0
33,Standard,Month-to-month,Yes,39.46,3321.0,1,0
31,Standard,One-year,Yes,75.11,996.2,0,0
29,Standard,Month-to-month,Yes,39.89,224.8,1,0
68,Basic,Month-to-month,Yes,50.58,631.8,0,0
40,Premium,Month-to-month,Yes,133.0,2812.8,0,1
32,Basic,Month-to-month,Yes,81.48,3825.8,0,1
45,Basic,One-year,Yes,89.6,4702.1,0,0
51,Standard,Month-to-month,No,43.2,79.1,1,1
19,Basic,Month-to-month,Yes,60.6,2613.8,0,1
49,Standard,Month-to-month,Yes,49.93,2354.3,0,0
40,Standard,Two-year,Yes,46.8,3280.3,2,0
39,Premium,Month-to-month,Yes,102.93,2797.9,0,1
68,Premium,Month-to-month,Yes,53.39,3435.2,1,1
42,Standard,Two-year,Yes,102.16,3290.4,1,0
75,Standard,Month-to-month,Yes,27.6,585.1,1,0
79,Basic,Two-year,Yes,38.43,3998.6,0,1
78,Standard,Month-to-month,No,55.69,616.2,0,0
39,Basic,Month-to-month,Yes,97.62,3492.7,0,0
75,Basic,One-year,Yes,107.86,2080.7,1,0
75,Basic,Two-year,Yes,77.55,2569.3,1,1
39,Standard,Month-to-month,Yes,77.95,4516.5,1,0
66,Standard,Two-year,Yes,114.19,4449.4,0,0
69,Premium,Month-to-month,Yes,22.06,4089.3,0,1
59,Basic,One-year,No,64.34,2550.7,2,0
23,Premium,Month-to-month,Yes,126.43,3681.2,0,1
32,Standard,Month-to-month,No,98.42,2564.5,0,0
71,Standard,Two-year,Yes,63.84,4348.0,0,1
60,Standard,Two-year,No,137.72,2013.9,1,0
77,Basic,Month-to-month,Yes,120.44,4851.2,0,1
54,Premium,Month-to-month,Yes,54.44,4661.6,1,0
50,Standard,Month-to-month,Yes,103.89,3708.0,1,0
25,Premium,Month-to-month,Yes,97.45,1397.1,0,1
70,Standard,Month-to-month,Yes,72.15,658.3,0,0
77,Premium,Month-to-month,Yes,67.7,4273.5,0,0
61,Standard,Month-to-month,Yes,64.66,826.5,0,1
61,Basic,One-year,Yes,100.23,4271.3,0,0
22,Basic,Month-to-month,Yes,77.51,2453.8,0,1
56,Standard,Month-to-month,Yes,128.14,2032.8,1,0
21,Standard,Month-to-month,Yes,107.05,4516.0,0,1
23,Basic,One-year,Yes,29.09,3019.3,0,0
62,Premium,Month-to-month,Yes,103.22,2883.1,1,0
49,Standard,Month-to-month,Yes,55.25,2793.8,2,0
69,Premium,One-year,Yes,97.07,1855.8,0,0
47,Premium,One-year,Yes,108.42,3928.2,0,0
64,Standard,One-year,Yes,50.01,1264.0,0,0
52,Premium,Two-year,No,79.39,4694.5,2,0
72,Standard,One-year,Yes,44.74,4469.9,0,0
57,Premium,One-year,Yes,26.8,1687.4,1,0
69,Basic,Month-to-month,Yes,69.2,3647.3,0,0
33,Basic,Month-to-month,No,67.18,2866.1,0,1
30,Standard,Month-to-month,Yes,149.41,1688.2,0,1
67,Standard,Month-to-month,Yes,78.03,4942.6,1,1
77,Standard,Month-to-month,Yes,63.36,126.2,0,0
59,Standard,Month-to-month,Yes,95.46,1263.2,1,0
47,Basic,One-year,Yes,31.54,2600.4,1,0
36,Premium,Month-to-month,Yes,145.02,2609.8,0,0
34,Standard,Month-to-month,Yes,102.54,2944.7,1,0
73,Standard,Two-year,No,118.13,3758.4,0,0
36,Standard,Month-to-month,Yes,42.16,3117.4,0,0
45,Standard,Month-to-month,Yes,73.23,3001.4,0,0
75,Premium,Month-to-month,Yes,74.95,267.6,0,1
72,Standard,Two-year,Yes,126.83,1882.7,3,0
43,Basic,Month-to-month,No,20.16,1160.3,0,0
54,Standard,One-year,No,59.11,1326.9,0,0
43,Standard,Month-to-month,No,147.56,2771.7,1,1
70,Premium,Month-to-month,No,81.74,997.5,1,1
79,Basic,Month-to-month,Yes,69.73,1469.7,0,0
40,Premium,One-year,Yes,35.58,1185.4,0,0
26,Standard,One-year,Yes,146.64,4742.5,2,0
29,Premium,One-year,Yes,22.6,4723.3,0,0
70,Basic,One-year,No,115.83,3049.7,1,0
18,Premium,Month-to-month,Yes,119.92,4622.6,0,1
75,Premium,One-year,Yes,51.68,3929.1,0,0
75,Premium,Month-to-month,No,107.3,2949.7,0,0
18,Basic,One-year,Yes,32.08,32.2,0,1
64,Basic,Month-to-month,No,53.42,3862.6,0,1
51,Standard,Month-to-month,Yes,122.43,3512.4,0,0
49,Basic,Month-to-month,Yes,132.41,3076.3,0,0
79,Basic,Month-to-month,Yes,99.1,3802.1,3,1
71,Basic,Month-to-month,Yes,85.89,2564.6,0,0
65,Standard,One-year,Yes,40.71,3520.4,0,0
42,Standard,Month-to-month,Yes,28.2,4675.9,1,0
57,Basic,Month-to-month,No,35.29,1879.0,0,1
62,Basic,One-year,Yes,49.56,3540.6,1,0
70,Standard,Month-to-month,Yes,64.42,2378.4,0,1
18,Standard,One-year,Yes,69.52,3372.0,2,0
33,Basic,Month-to-month,No,65.02,3814.5,2,0
78,Basic,Two-year,Yes,51.08,227.3,0,1
56,Premium,Month-to-month,Yes,86.26,3233.0,0,0
22,Premium,Month-to-month,Yes,127.29,1133.7,1,1
39,Premium,Month-to-month,Yes,56.36,3350.2,1,0
46,Premium,Month-to-month,No,142.51,2341.7,0,1
72,Basic,Two-year,Yes,133.53,3867.8,1,0
20,Standard,Month-to-month,Yes,41.03,617.0,0,0
29,Standard,Month-to-month,No,122.22,3131.6,0,1
43,Standard,Month-to-month,Yes,94.7,1392.4,0,1
33,Basic,One-year,Yes,93.65,4264.9,1,0
68,Standard,Month-to-month,Yes,70.84,4641.9,0,0
54,Standard,Two-year,Yes,85.15,4982.0,0,0
39,Basic,Month-to-month,Yes,71.63,3980.0,1,1
74,Standard,Month-to-month,No,90.17,3768.7,0,0
46,Basic,Month-to-month,Yes,101.63,1077.5,1,0
31,Basic,One-year,Yes,107.66,1680.0,1,0
45,Basic,Two-year,Yes,89.22,2328.4,0,0
22,Basic,Month-to-month,Yes,113.78,3866.9,0,1
64,Basic,Month-to-month,Yes,38.37,4574.8,1,1
66,Premium,One-year,Yes,47.56,945.7,0,0
47,Standard,Month-to-month,Yes,126.44,4611.8,1,0
63,Standard,Month-to-month,Yes,61.93,3478.1,0,1
79,Basic,Month-to-month,Yes,22.98,3053.9,0,0
69,Standard,Month-to-month,Yes,39.99,999.2,1,0
22,Standard,Month-to-month,Yes,49.07,277.6,0,1
29,Standard,Month-to-month,Yes,144.45,2842.3,0,1
33,Standard,Month-to-month,Yes,94.5,3257.6,0,0
43,Premium,One-year,Yes,141.25,1053.9,3,0
43,Premium,Month-to-month,Yes,94.77,2782.3,1,1
65,Standard,One-year,Yes,82.32,4282.5,1,0
38,Basic,Month-to-month,Yes,60.78,4175.3,0,0
56,Standard,One-year,Yes,98.83,4636.8,1,0
53,Standard,Month-to-month,Yes,38.1,1829.4,1,0
50,Standard,One-year,Yes,136.77,1590.2,1,0
79,Premium,Month-to-month,Yes,127.81,3747.1,1,0
47,Standard,Two-year,Yes,61.28,2155.6,0,0
54,Premium,Month-to-month,No,143.86,437.7,0,0
40,Basic,Month-to-month,Yes,127.28,1414.0,0,1
75,Basic,Two-year,Yes,106.62,2092.9,0,1
27,Basic,Month-to-month,Yes,35.83,1462.6,1,0
71,Premium,Month-to-month,Yes,82.17,1661.0,0,0
22,Premium,Two-year,No,85.79,1468.9,2,0
53,Standard,Month-to-month,Yes,50.23,207.5,1,0
51,Standard,Month-to-month,Yes,30.4,3185.5,0,0
69,Standard,Two-year,Yes,120.97,2986.5,0,0
48,Premium,Month-to-month,Yes,35.86,3266.9,0,0
27,Premium,Two-year,Yes,97.26,961.5,3,0
75,Standard,Month-to-month,Yes,141.74,1478.3,0,0
36,Standard,One-year,Yes,133.89,3098.1,0,1
75,Basic,Month-to-month,Yes,56.11,2998.1,0,1
49,Standard,Two-year,Yes,130.69,2531.7,1,0
18,Standard,Month-to-month,Yes,20.04,1752.1,2,0
73,Basic,Month-to-month,Yes,22.3,4564.7,0,1
22,Premium,One-year,Yes,98.33,1698.9,0,0
62,Standard,Month-to-month,Yes,67.42,2278.1,2,0
21,Premium,One-year,No,70.24,3390.6,0,0
33,Basic,Two-year,No,93.38,2715.1,0,0
41,Standard,Month-to-month,Yes,44.93,1734.4,0,0
33,Standard,One-year,Yes,47.53,2178.2,0,0
72,Basic,Month-to-month,No,83.0,3972.4,0,1
19,Standard,Month-to-month,Yes,118.05,1390.6,0,1
66,Basic,Month-to-month,Yes,100.53,711.3,1,1
45,Basic,One-year,Yes,58.66,1565.8,0,0
49,Basic,Month-to-month,Yes,75.94,4247.7,0,0
44,Basic,One-year,Yes,42.19,444.9,0,0
37,Standard,Month-to-month,Yes,29.7,4958.5,0,0
41,Basic,One-year,Yes,121.75,2705.0,0,0
29,Standard,Month-to-month,Yes,54.5,4924.2,0,0
67,Standard,One-year,Yes,43.11,4695.0,0,0
52,Standard,Month-to-month,Yes,109.91,2264.1,1,0
77,Premium,Month-to-month,Yes,100.35,992.5,1,0
50,Standard,Month-to-month,Yes,102.31,824.4,0,0
50,Standard,One-year,No,49.76,1199.9,0,0
78,Basic,Month-to-month,No,50.24,3550.7,0,0
68,Standard,One-year,No,48.7,1364.7,3,0
60,Premium,Month-to-month,Yes,42.59,1707.1,0,0
54,Basic,One-year,Yes,105.24,2243.9,0,1
29,Basic,Month-to-month,Yes,130.24,4566.2,0,1
20,Basic,Month-to-month,Yes,114.16,947.0,2,0
18,Standard,Month-to-month,Yes,122.97,25.1,1,0
50,Standard,Month-to-month,Yes,72.62,300.5,0,0
57,Standard,Month-to-month,Yes,105.03,4523.8,0,1
27,Basic,Two-year,Yes,66.05,3237.6,1,0
60,Premium,Two-year,Yes,88.32,1365.2,0,1
61,Basic,One-year,Yes,82.61,886.0,0,0
46,Basic,Month-to-month,Yes,43.0,1471.3,0,1
30,Standard,Month-to-month,Yes,70.32,574.0,1,0
29,Basic,One-year,No,145.3,4707.7,0,0
48,Basic,Month-to-month,Yes,52.32,3921.0,0,0
63,Basic,Two-year,Yes,37.39,2312.0,0,0
19,Standard,Month-to-month,Yes,74.42,4324.8,0,0
78,Premium,Two-year,No,122.74,1247.3,1,1
68,Premium,Month-to-month,Yes,95.68,3585.6,1,0
67,Standard,One-year,Yes,108.53,4280.7,0,0
52,Basic,Month-to-month,No,44.66,1783.8,0,0
40,Standard,Two-year,Yes,100.46,3787.3,3,0
34,Standard,Month-to-month,Yes,62.06,1475.4,0,0
43,Basic,One-year,Yes,128.46,1494.3,1,0
25,Basic,One-year,Yes,101.81,535.3,0,0
46,Basic,Month-to-month,Yes,45.85,2200.3,1,0
43,Standard,Month-to-month,Yes,28.4,3648.6,0,0
27,Basic,Month-to-month,Yes,25.54,4701.1,0,0
43,Premium,Month-to-month,Yes,68.28,3019.0,0,0
79,Basic,Month-to-month,Yes,54.56,4315.7,0,0
51,Basic,Month-to-month,Yes,103.99,4112.5,0,1
68,Standard,Month-to-month,Yes,84.91,866.7,0,1
58,Standard,One-year,Yes,54.58,2429.1,0,0
24,Basic,One-year,Yes,39.4,584.6,0,0
21,Basic,Month-to-month,Yes,36.54,3410.8,1,0
75,Basic,Two-year,Yes,132.41,4749.5,0,0
70,Basic,Two-year,Yes,51.65,685.4,0,0
67,Basic,Month-to-month,Yes,104.72,3669.4,1,1
62,Premium,Month-to-month,No,125.39,3161.2,0,0
28,Standard,Month-to-month,Yes,99.83,2918.0,0,0
46,Standard,One-year,Yes,131.74,1950.6,1,0
73,Basic,One-year,Yes,71.01,1775.7,0,1
53,Basic,Month-to-month,Yes,144.31,226.2,0,1
42,Basic,One-year,Yes,37.31,1089.5,0,0
38,Standard,Month-to-month,Yes,33.28,75.9,2,0
78,Standard,Month-to-month,Yes,105.63,2907.1,1,1
74,Basic,One-year,Yes,142.57,529.3,0,0
53,Standard,One-year,Yes,125.15,4365.1,1,1
27,Standard,Month-to-month,Yes,29.93,2615.7,1,1
54,Basic,Month-to-month,Yes,56.32,3498.4,0,0
26,Basic,Two-year,Yes,140.94,2054.3,1,0
41,Standard,Month-to-month,Yes,52.9,2802.9,1,0
52,Standard,One-year,Yes,121.55,4713.3,1,1
66,Basic,Month-to-month,Yes,127.27,413.7,0,1
52,Basic,Month-to-month,No,84.41,1269.7,2,0
65,Standard,Month-to-month,Yes,70.23,3899.9,1,1
53,Basic,Month-to-month,Yes,78.52,493.7,0,1
35,Standard,One-year,Yes,49.51,378.3,0,0
66,Standard,Month-to-month,Yes,135.62,1807.7,1,1
56,Basic,Month-to-month,Yes,78.58,460.8,1,1
49,Basic,Month-to-month,Yes,134.72,2925.4,1,1
41,Standard,Month-to-month,Yes,33.74,1131.4,1,0
40,Basic,Two-year,No,148.48,4478.5,2,1
79,Basic,One-year,Yes,77.63,3917.5,0,0
49,Standard,Month-to-month,No,26.22,3498.5,1,1
54,Basic,One-year,Yes,24.94,3084.7,2,0
29,Standard,One-year,Yes,117.01,4317.3,0,0
66,Basic,One-year,Yes,105.67,1115.3,0,0
72,Standard,Month-to-month,Yes,124.28,4365.5,0,0
30,Basic,Month-to-month,Yes,33.7,3947.5,1,0
40,Premium,Month-to-month,Yes,24.62,3740.8,0,0
42,Standard,One-year,No,86.12,2806.3,0,0
52,Basic,One-year,No,70.39,1231.2,0,1
58,Standard,Month-to-month,Yes,80.05,2117.7,0,0
47,Basic,Month-to-month,Yes,148.91,3967.9,1,1
34,Standard,Month-to-month,Yes,146.2,158.9,1,0
66,Premium,Month-to-month,Yes,142.5,3910.3,0,1
79,Standard,Two-year,Yes,121.9,1200.4,1,0
37,Basic,Month-to-month,No,66.13,721.5,0,0
65,Standard,Month-to-month,Yes,73.58,578.5,0,0
42,Basic,Two-year,Yes,91.45,136.3,0,1
39,Standard,Month-to-month,Yes,127.97,2617.9,0,0
30,Standard,One-year,Yes,28.93,1091.3,0,0
76,Basic,Month-to-month,Yes,75.16,4947.2,0,0
36,Basic,Month-to-month,Yes,30.74,2872.2,0,0
66,Standard,Month-to-month,No,86.91,689.4,0,0
53,Standard,One-year,Yes,136.86,3443.8,0,0
29,Basic,Month-to-month,Yes,121.72,4488.7,0,0
78,Basic,Month-to-month,Yes,49.62,3725.9,0,0
58,Standard,One-year,No,146.88,382.2,1,0
36,Basic,Month-to-month,No,106.76,4479.4,1,1
29,Basic,Month-to-month,Yes,21.36,3969.6,1,1
26,Basic,Month-to-month,Yes,53.2,791.5,1,0
24,Basic,Month-to-month,No,53.89,258.9,0,0
45,Standard,One-year,Yes,29.0,2786.6,1,0
31,Premium,One-year,Yes,144.78,780.2,0,0
48,Standard,Two-year,Yes,82.17,4173.0,2,0
69,Basic,One-year,Yes,136.46,1791.7,0,1
36,Standard,Month-to-month,No,61.89,4564.5,1,0
75,Standard,Two-year,Yes,36.28,2828.4,2,0
64,Basic,Month-to-month,Yes,81.66,913.4,1,1
33,Premium,Month-to-month,Yes,34.81,698.0,0,0
70,Standard,Month-to-month,Yes,83.18,2882.4,0,0
22,Premium,Month-to-month,Yes,139.64,3809.4,0,0
52,Standard,One-year,Yes,87.7,3907.5,0,0
29,Standard,Month-to-month,Yes,100.14,1378.8,1,1
42,Basic,Month-to-month,Yes,40.36,1021.2,0,0
69,Standard,Month-to-month,No,25.69,83.8,1,1
76,Basic,Month-to-month,No,34.41,3396.0,0,1
38,Premium,Month-to-month,No,97.81,382.8,0,1
53,Standard,One-year,Yes,32.35,2103.8,1,0
70,Premium,Month-to-month,Yes,68.88,3008.4,0,1
40,Standard,One-year,No,91.51,4685.5,0,0
33,Premium,Month-to-month,Yes,70.52,1559.0,0,0
74,Basic,Month-to-month,Yes,41.28,1248.9,0,0
56,Standard,One-year,Yes,55.59,3270.8,0,0
62,Standard,One-year,No,140.68,3096.2,0,0
70,Standard,Month-to-month,Yes,107.88,1660.5,1,1
59,Standard,One-year,Yes,84.49,4640.5,0,0
75,Basic,Two-year,Yes,21.65,4224.3,0,0
56,Basic,Two-year,Yes,149.01,1119.9,0,1
31,Premium,One-year,No,107.29,1195.7,1,0
48,Standard,One-year,Yes,61.2,2561.5,0,0
75,Basic,Month-to-month,Yes,134.3,3867.9,1,0
22,Standard,One-year,No,53.6,220.2,0,0
52,Premium,Month-to-month,Yes,90.72,3466.7,0,1
40,Basic,Two-year,Yes,102.69,3241.2,0,0
46,Premium,Month-to-month,Yes,48.74,1157.4,0,0
60,Premium,Month-to-month,Yes,147.19,3406.8,0,1
28,Premium,Month-to-month,No,117.26,4700.9,0,1
35,Premium,Month-to-month,Yes,92.52,233.9,1,1
64,Standard,Month-to-month,No,43.48,1598.3,0,0
29,Basic,Month-to-month,Yes,27.0,2190.9,0,0
26,Basic,One-year,Yes,61.61,4496.3,0,1
27,Basic,One-year,Yes,117.91,4811.3,0,0
75,Standard,Month-to-month,Yes,55.01,2220.6,3,1
61,Basic,One-year,Yes,90.14,3750.1,0,1
34,Basic,Month-to-month,Yes,114.63,2658.3,0,1
78,Basic,Month-to-month,Yes,34.03,2688.9,0,0
55,Basic,One-year,Yes,109.09,1390.5,0,1
24,Premium,One-year,Yes,31.94,1084.8,1,0
63,Basic,Month-to-month,Yes,145.47,1440.0,1,0
30,Standard,Month-to-month,Yes,83.49,2781.6,2,1
57,Standard,Month-to-month,Yes,39.59,145.8,1,1
59,Basic,Month-to-month,No,64.51,4536.2,3,1
26,Premium,Month-to-month,Yes,73.74,781.4,1,0
67,Standard,Two-year,Yes,118.56,1100.4,0,0
44,Basic,One-year,Yes,116.65,2591.4,1,1
75,Basic,One-year,Yes,99.55,3550.6,0,1
19,Basic,Month-to-month,No,33.77,478.6,0,1
22,Basic,One-year,Yes,39.7,1588.5,0,1
46,Basic,Month-to-month,No,32.19,4843.4,0,0
54,Standard,Month-to-month,Yes,95.03,1311.7,0,1
55,Premium,Month-to-month,No,134.03,1565.3,0,1
36,Standard,One-year,Yes,76.39,4182.5,0,0
25,Basic,Two-year,Yes,40.91,251.1,0,1
65,Basic,Month-to-month,Yes,92.55,2323.1,2,1
62,Standard,Month-to-month,Yes,125.53,1898.1,2,1
18,Basic,Month-to-month,Yes,116.42,1582.9,1,0
39,Basic,One-year,Yes,134.59,1428.5,0,1
69,Premium,Month-to-month,Yes,56.13,456.9,0,0
34,Basic,Month-to-month,Yes,45.21,1574.1,1,1
24,Premium,One-year,Yes,134.38,215.3,1,0
42,Basic,Month-to-month,No,105.48,3904.8,0,1
62,Premium,Month-to-month,Yes,60.42,1991.1,0,0
21,Standard,Month-to-month,Yes,116.51,2219.5,0,1
53,Standard,One-year,No,125.97,4468.0,0,0
23,Basic,Month-to-month,Yes,99.95,3290.3,0,0
77,Premium,Two-year,Yes,109.42,40.3,2,0
48,Premium,One-year,Yes,68.78,4715.9,1,0
36,Standard,Month-to-month,No,90.03,1185.7,0,1
78,Standard,Month-to-month,Yes,88.14,538.1,0,1
61,Standard,Month-to-month,Yes,130.25,3840.6,0,0
71,Basic,Month-to-month,Yes,129.2,2502.4,0,1
56,Standard,Two-year,Yes,128.25,2168.9,0,0
44,Premium,One-year,Yes,21.43,1247.5,1,0
27,Basic,Month-to-month,Yes,117.44,2737.4,0,1
43,Basic,Month-to-month,Yes,118.63,1371.9,0,0
36,Standard,Month-to-month,No,108.19,4507.9,0,0
56,Standard,Month-to-month,Yes,118.31,1076.0,0,0
79,Basic,Month-to-month,Yes,129.46,4421.8,1,1
20,Basic,Month-to-month,Yes,81.14,2797.0,1,0
62,Basic,Two-year,Yes,85.27,4142.4,0,0
30,Standard,Month-to-month,Yes,36.21,3564.2,1,0
67,Basic,Month-to-month,Yes,70.1,3483.5,0,0
45,Standard,Two-year,Yes,103.64,1621.7,0,0
79,Basic,Month-to-month,Yes,121.45,1169.5,0,1
75,Standard,Month-to-month,No,48.24,1054.4,0,1
37,Premium,Month-to-month,Yes,37.92,4286.0,0,1
45,Basic,Month-to-month,Yes,106.2,4102.1,2,0
25,Basic,Two-year,Yes,20.24,2202.9,0,0
78,Premium,Two-year,Yes,43.19,662.0,1,0
58,Basic,Two-year,Yes,23.78,1911.3,2,0
56,Basic,One-year,No,41.7,3096.7,0,0
18,Premium,Month-to-month,Yes,43.57,2272.0,1,0
20,Premium,Two-year,Yes,70.4,3900.9,1,0
30,Standard,Two-year,Yes,72.3,4988.1,0,0
45,Basic,Month-to-month,Yes,133.65,955.7,0,1
79,Basic,Month-to-month,Yes,86.31,2298.3,1,1
74,Basic,Month-to-month,Yes,114.04,2154.9,0,1
77,Standard,Month-to-month,Yes,33.54,1522.5,2,0
66,Standard,Month-to-month,Yes,49.31,990.5,0,0
42,Premium,Two-year,Yes,111.38,328.5,2,0
73,Basic,Two-year,Yes,26.86,4435.6,1,0
50,Standard,Month-to-month,Yes,83.26,2099.2,1,1
55,Basic,Month-to-month,Yes,97.92,2484.5,0,0
70,Basic,One-year,Yes,98.28,4584.7,0,0
23,Standard,One-year,Yes,22.98,3881.5,1,0
75,Basic,Month-to-month,No,61.87,652.5,0,0
61,Standard,One-year,Yes,102.74,2827.1,0,0
62,Standard,Two-year,Yes,39.37,2211.3,1,0
49,Premium,Two-year,Yes,110.4,3986.1,1,0
62,Standard,Month-to-month,Yes,116.97,3621.2,1,1
78,Premium,Month-to-month,Yes,147.66,3452.0,0,0
64,Standard,Two-year,Yes,47.28,1702.7,0,0
38,Basic,Month-to-month,No,127.27,4024.8,1,0
33,Standard,One-year,No,87.64,262.0,2,0
71,Standard,Month-to-month,No,68.55,798.1,1,1
38,Standard,Month-to-month,Yes,35.91,1678.1,1,0
28,Standard,Month-to-month,No,115.62,384.0,1,0
77,Basic,Month-to-month,Yes,50.66,1175.0,1,0
54,Basic,Two-year,Yes,68.28,4150.8,0,0
53,Basic,Month-to-month,Yes,28.13,4741.3,0,0
52,Standard,Two-year,Yes,124.18,1523.0,1,0
36,Standard,Two-year,Yes,119.66,1322.6,1,0
37,Standard,Month-to-month,Yes,115.37,1399.5,0,0
74,Basic,One-year,Yes,58.93,1388.6,1,1
35,Basic,Month-to-month,No,42.55,179.7,2,1
64,Standard,One-year,Yes,102.88,4634.6,0,0
58,Standard,Month-to-month,Yes,84.5,1068.5,0,0
66,Standard,Month-to-month,Yes,43.17,2100.0,0,0
31,Standard,Month-to-month,No,109.17,48.4,1,1
32,Basic,One-year,Yes,148.85,4289.8,0,0
48,Standard,Two-year,Yes,117.14,3655.8,0,0
18,Premium,Month-to-month,No,116.2,4733.8,0,1
70,Standard,Month-to-month,Yes,143.54,3908.1,0,0
71,Standard,Month-to-month,Yes,46.38,1568.5,2,0
71,Standard,One-year,Yes,93.52,1239.4,1,0
20,Standard,Month-to-month,Yes,147.35,3488.6,1,1
33,Standard,One-year,No,41.49,1820.6,0,0
40,Standard,Month-to-month,Yes,111.03,2831.1,0,1
74,Standard,Month-to-month,No,96.16,31.3,0,0
28,Basic,One-year,No,96.24,309.4,1,0
29,Premium,One-year,Yes,110.7,2676.8,1,0
27,Standard,One-year,Yes,140.85,2830.4,0,1
49,Basic,Month-to-month,No,121.74,3757.3,1,0
33,Standard,Two-year,Yes,27.3,659.8,0,0
25,Basic,Month-to-month,Yes,130.85,2565.9,0,1
55,Basic,Two-year,Yes,49.32,972.2,1,0
29,Basic,Month-to-month,Yes,69.0,466.0,0,1
41,Standard,Month-to-month,No,80.03,2052.5,2,0
45,Premium,Month-to-month,Yes,82.52,816.7,1,0
70,Standard,Month-to-month,Yes,76.57,1108.9,1,0
25,Standard,Month-to-month,No,141.86,1587.8,0,0
75,Standard,Two-year,No,111.78,1296.9,2,0
45,Basic,One-year,Yes,102.05,438.0,0,0
53,Basic,Two-year,No,26.48,449.6,0,0
43,Standard,Month-to-month,Yes,137.51,966.2,0,0
25,Premium,Month-to-month,Yes,138.22,252.8,0,0
75,Standard,Two-year,No,121.43,3132.3,0,0
77,Standard,Month-to-month,Yes,20.91,1436.6,0,0
67,Premium,Month-to-month,Yes,27.45,1398.7,0,1
45,Basic,Two-year,Yes,49.28,1660.0,0,1
45,Standard,Month-to-month,Yes,37.08,3314.0,1,0
54,Standard,Month-to-month,No,71.85,4353.2,2,0
58,Standard,Two-year,Yes,139.94,3795.4,2,0
53,Basic,Month-to-month,Yes,81.37,3637.6,1,0
44,Standard,Two-year,Yes,21.74,2422.0,0,0
71,Standard,Month-to-month,No,56.76,3469.0,0,0
34,Basic,One-year,Yes,25.8,2763.8,2,1
26,Standard,Month-to-month,Yes,24.72,1081.3,0,0
50,Basic,One-year,Yes,55.84,1042.9,1,1
70,Premium,Month-to-month,Yes,55.83,1482.0,1,0
37,Standard,One-year,Yes,122.33,4554.0,1,0
30,Premium,Month-to-month,Yes,146.73,2737.1,1,1
45,Basic,Month-to-month,No,68.26,3669.5,1,0
65,Basic,One-year,Yes,75.76,1732.8,0,1
46,Basic,Month-to-month,Yes,129.82,2038.6,1,0
30,Basic,Month-to-month,Yes,54.86,627.8,0,1
63,Basic,Month-to-month,Yes,40.33,856.5,0,0
52,Standard,Month-to-month,Yes,130.9,4136.8,1,0
78,Basic,Month-to-month,Yes,26.05,2924.2,0,0
23,Standard,Month-to-month,Yes,100.56,1687.7,0,0
35,Basic,Month-to-month,Yes,93.06,4014.3,1,1
68,Standard,One-year,Yes,64.97,1232.6,0,1
22,Standard,Month-to-month,Yes,60.97,4880.2,0,1
64,Standard,Month-to-month,Yes,120.34,1724.1,1,0
42,Premium,Two-year,Yes,31.24,1686.6,0,0
19,Basic,Two-year,Yes,50.78,1559.6,0,0
27,Standard,Month-to-month,No,115.22,610.6,1,0
73,Standard,Month-to-month,Yes,91.28,555.7,2,1
47,Standard,Two-year,Yes,36.64,3240.5,1,0
67,Standard,Month-to-month,No,134.68,4375.6,0,0
76,Standard,Month-to-month,Yes,71.15,3952.6,0,1
62,Standard,Month-to-month,No,127.62,705.5,0,0
22,Standard,One-year,Yes,122.4,2727.9,1,0
72,Premium,Month-to-month,Yes,101.18,528.0,1,0
73,Premium,One-year,Yes,84.28,226.5,0,0
50,Basic,One-year,No,147.34,3281.9,1,0
71,Basic,Month-to-month,Yes,38.85,2675.8,1,0
18,Premium,Two-year,Yes,114.27,410.1,0,1
35,Premium,Month-to-month,Yes,44.85,174.7,1,0
49,Basic,Month-to-month,Yes,63.97,4948.8,0,1
64,Basic,Month-to-month,Yes,60.13,150.1,2,1
66,Premium,Month-to-month,Yes,143.11,2222.6,1,1
28,Standard,Month-to-month,Yes,145.76,2523.1,0,0
38,Basic,Month-to-month,Yes,43.79,586.4,0,1
43,Standard,Month-to-month,Yes,22.86,845.3,1,1
42,Premium,Month-to-month,Yes,113.6,1759.0,0,1
39,Premium,Month-to-month,Yes,74.34,3808.4,0,0
76,Standard,One-year,Yes,31.55,2535.4,0,0
44,Standard,Month-to-month,No,108.89,3189.5,2,1
66,Basic,One-year,Yes,90.86,4925.9,0,0
30,Premium,Month-to-month,Yes,147.47,3840.0,1,0
50,Basic,Month-to-month,Yes,49.56,2171.8,1,0
51,Premium,Month-to-month,Yes,72.52,2232.2,0,0
58,Basic,Month-to-month,Yes,90.53,3093.9,0,1
52,Premium,Month-to-month,Yes,122.92,3326.8,2,1
18,Basic,Month-to-month,Yes,91.35,2503.6,0,0
38,Standard,Two-year,No,99.68,3224.3,1,1
65,Basic,Two-year,No,49.4,117.7,0,0
72,Standard,Month-to-month,Yes,130.1,2148.1,0,1
23,Premium,One-year,Yes,75.72,1394.7,0,0
45,Standard,Month-to-month,No,38.32,645.9,0,0
34,Standard,Month-to-month,Yes,106.34,497.7,0,1
22,Basic,One-year,Yes,48.09,3016.0,0,0
48,Premium,Month-to-month,Yes,32.68,2618.0,0,1
22,Standard,Month-to-month,Yes,132.06,1267.9,0,0
55,Standard,Month-to-month,Yes,79.82,2354.8,0,0
20,Standard,Month-to-month,No,117.41,2461.2,1,0
70,Standard,Month-to-month,No,57.78,975.0,1,0
40,Standard,Month-to-month,Yes,122.31,3260.5,1,0
54,Standard,Month-to-month,No,34.55,3904.6,1,1
70,Standard,Month-to-month,Yes,66.28,3957.3,1,0
54,Premium,One-year,Yes,147.15,3012.3,1,1
27,Premium,Month-to-month,Yes,123.22,2558.2,0,0
27,Basic,One-year,Yes,84.64,305.0,0,0
36,Basic,One-year,Yes,64.17,1439.2,2,0
34,Basic,One-year,Yes,133.38,466.4,0,1
38,Basic,One-year,No,90.83,4819.1,0,1
31,Standard,Month-to-month,No,118.6,675.4,1,0
26,Premium,Month-to-month,No,118.03,758.9,1,0
63,Basic,Month-to-month,Yes,22.33,4447.9,1,1
18,Standard,Two-year,Yes,36.41,4719.6,0,0
68,Premium,Month-to-month,Yes,105.75,3829.1,0,0
62,Premium,Month-to-month,No,41.01,27.0,1,0
30,Standard,Month-to-month,Yes,53.21,6.7,0,0
21,Standard,Two-year,Yes,143.06,1890.5,0,1
79,Standard,Month-to-month,Yes,92.82,717.0,0,0
18,Basic,Month-to-month,No,117.59,91.9,1,1
66,Basic,Month-to-month,Yes,92.54,2320.3,0,1
57,Basic,Two-year,Yes,91.83,4715.3,0,0
49,Basic,Month-to-month,Yes,32.24,1619.1,1,1
51,Premium,Month-to-month,No,64.68,3305.7,2,0
45,Standard,One-year,Yes,56.72,3261.2,0,0
48,Standard,Month-to-month,No,70.79,1255.4,1,0
25,Standard,Two-year,No,123.78,3252.1,0,0
56,Basic,Month-to-month,Yes,68.35,1061.7,0,0
43,Standard,Month-to-month,Yes,78.72,610.0,0,1
75,Premium,Two-year,Yes,71.66,3506.9,2,0
51,Basic,Two-year,Yes,32.14,567.2,0,0
71,Basic,Month-to-month,Yes,77.34,4984.5,0,1
71,Standard,Month-to-month,Yes,45.43,917.3,0,0
20,Standard,One-year,Yes,44.27,2970.7,0,0
76,Standard,Month-to-month,Yes,32.22,2056.9,1,0
67,Standard,Two-year,Yes,66.37,631.9,1,1
29,Standard,Two-year,Yes,118.47,139.2,0,0
18,Basic,Month-to-month,No,55.94,3113.7,0,1
71,Basic,Two-year,Yes,60.61,4033.8,0,0
61,Standard,Month-to-month,Yes,103.55,4210.1,0,1
22,Premium,One-year,No,45.46,2413.6,1,0
47,Premium,Month-to-month,Yes,136.6,3887.3,2,1
47,Premium,Two-year,Yes,87.62,3364.2,0,0
76,Standard,One-year,Yes,78.19,3621.3,0,0
74,Standard,One-year,No,92.52,2463.0,1,0
34,Standard,Two-year,Yes,41.58,3167.1,1,0
65,Premium,Month-to-month,No,99.75,4027.6,2,0
64,Basic,Month-to-month,No,67.2,1989.4,0,0
40,Standard,Two-year,Yes,136.63,4029.9,1,0
32,Standard,One-year,Yes,41.95,2960.1,0,0
54,Standard,Two-year,Yes,85.92,829.5,1,0
38,Basic,Two-year,Yes,97.75,123.4,0,1
31,Standard,Month-to-month,Yes,24.34,1813.8,1,0
19,Standard,Month-to-month,Yes,67.28,2733.5,0,0
28,Standard,Month-to-month,Yes,115.24,4199.1,0,0
68,Standard,One-year,No,126.65,637.4,1,0
56,Basic,Month-to-month,Yes,60.71,4001.0,1,0
55,Premium,One-year,Yes,123.82,4315.0,0,0
77,Standard,Month-to-month,Yes,145.81,753.4,0,1
51,Standard,Month-to-month,Yes,131.39,4258.0,0,1
55,Basic,Month-to-month,No,35.29,4957.3,0,0
67,Basic,Month-to-month,Yes,116.16,3634.2,0,1
51,Standard,One-year,Yes,61.56,3923.8,0,0
35,Standard,Month-to-month,Yes,148.49,4972.1,0,1
47,Standard,Month-to-month,Yes,83.1,3027.4,0,1
32,Basic,Month-to-month,Yes,35.92,1539.4,1,1
44,Premium,One-year,Yes,114.27,4187.7,0,0
68,Standard,One-year,No,61.99,3072.4,1,1
51,Basic,Month-to-month,No,149.62,2906.0,1,1
69,Standard,One-year,Yes,147.37,1268.2,0,0
74,Premium,Month-to-month,Yes,105.3,3781.7,1,1
55,Standard,Month-to-month,Yes,36.88,408.3,1,0
50,Basic,One-year,Yes,109.29,4621.4,1,0
41,Standard,Month-to-month,Yes,32.09,1629.1,0,0
32,Basic,One-year,Yes,23.82,638.9,1,0
77,Basic,Month-to-month,Yes,126.98,2211.8,1,1
47,Basic,Two-year,Yes,47.27,212.3,1,0
72,Standard,Month-to-month,Yes,69.27,3423.1,0,0
59,Basic,Month-to-month,Yes,146.55,4513.5,2,1
68,Premium,Two-year,Yes,63.79,4186.3,0,0
34,Basic,Month-to-month,Yes,58.54,636.8,0,1
22,Basic,Month-to-month,Yes,139.37,631.4,0,1
46,Standard,Month-to-month,No,34.4,4067.2,0,0
21,Basic,Month-to-month,Yes,118.75,4621.3,1,0
27,Standard,Month-to-month,No,148.45,2303.3,2,1
73,Basic,Month-to-month,Yes,137.17,2494.9,0,0
34,Basic,One-year,Yes,104.72,1591.3,0,0
27,Basic,Month-to-month,Yes,60.83,4471.3,0,1
34,Standard,One-year,Yes,53.06,3224.5,1,0
77,Basic,Month-to-month,No,126.5,1441.3,1,1
37,Standard,Month-to-month,Yes,134.38,1493.9,0,0
41,Standard,Month-to-month,Yes,88.31,4456.0,0,0
22,Standard,Month-to-month,Yes,51.76,68.2,0,0
51,Standard,Month-to-month,Yes,34.68,1613.6,0,1
23,Standard,Month-to-month,Yes,31.33,2771.8,0,0
70,Premium,Month-to-month,Yes,113.48,741.1,2,0
19,Basic,Month-to-month,No,74.62,460.5,0,1
30,Basic,Month-to-month,Yes,137.7,4076.4,0,0
79,Basic,Month-to-month,Yes,116.16,4472.0,0,1
60,Basic,One-year,Yes,44.86,4118.0,0,0
60,Basic,Month-to-month,No,99.79,4493.9,0,0
65,Standard,Month-to-month,No,76.62,2765.6,0,1
28,Standard,Month-to-month,Yes,95.04,4061.3,0,1
68,Premium,Month-to-month,Yes,115.95,1920.2,0,1
64,Basic,Month-to-month,Yes,124.81,3331.3,0,1
74,Basic,Two-year,Yes,129.69,4944.2,1,0
40,Premium,One-year,No,53.02,1128.6,0,0
72,Premium,One-year,Yes,24.05,1949.5,0,0
33,Standard,One-year,Yes,116.11,2400.2,2,1
48,Standard,Month-to-month,Yes,33.82,690.1,0,0
28,Premium,Month-to-month,Yes,60.94,405.2,0,1
71,Standard,One-year,No,20.5,4148.6,1,0
33,Basic,Month-to-month,Yes,108.62,4884.0,0,0
25,Premium,Month-to-month,Yes,41.73,2023.6,1,0
21,Standard,One-year,No,105.19,438.2,0,0
57,Basic,One-year,Yes,148.93,329.1,0,1
21,Standard,Month-to-month,Yes,29.45,4456.6,0,0
73,Standard,Month-to-month,Yes,30.02,2319.1,0,1
42,Premium,One-year,Yes,64.25,1600.1,1,1
20,Basic,One-year,Yes,132.63,2382.3,0,1
49,Premium,One-year,Yes,48.02,1591.5,1,0
20,Standard,Two-year,Yes,66.85,2445.2,0,0
44,Standard,Month-to-month,Yes,28.91,4297.8,1,1
46,Basic,Month-to-month,Yes,119.21,2961.5,1,0
49,Standard,Month-to-month,Yes,73.08,3473.3,2,0
67,Premium,Month-to-month,Yes,118.7,1823.4,2,1
78,Basic,Two-year,No,137.47,3692.5,0,0
75,Basic,Two-year,Yes,50.26,3333.1,0,1
68,Standard,Month-to-month,Yes,124.96,597.8,0,0
36,Standard,Month-to-month,No,27.68,2863.2,0,0
38,Basic,Month-to-month,Yes,136.85,1283.7,1,0
22,Standard,One-year,Yes,104.6,4020.5,0,0
35,Standard,Month-to-month,Yes,133.65,2129.7,1,0
45,Basic,Month-to-month,Yes,20.02,4973.4,0,1
59,Standard,Month-to-month,Yes,41.98,462.5,0,1
78,Basic,Month-to-month,No,70.67,3901.7,0,1
39,Standard,Two-year,Yes,69.34,3368.5,0,0
38,Standard,Month-to-month,Yes,49.47,3837.5,1,0
23,Standard,Month-to-month,Yes,69.61,1537.6,0,0
18,Basic,Month-to-month,Yes,36.75,2460.3,0,0
22,Basic,Month-to-month,No,73.66,3982.5,1,0
58,Premium,One-year,Yes,124.31,1162.7,0,0
29,Standard,Month-to-month,Yes,82.28,1130.2,0,0
43,Standard,Month-to-month,Yes,22.34,2755.3,1,1
63,Standard,One-year,Yes,74.79,2617.8,0,0
51,Standard,Month-to-month,Yes,23.53,1411.3,1,1
66,Basic,One-year,Yes,145.61,1490.4,0,0
31,Basic,Month-to-month,No,36.57,1389.2,0,0
43,Basic,Month-to-month,Yes,112.0,3857.6,0,0
62,Standard,One-year,Yes,146.46,3259.5,0,0
44,Basic,One-year,Yes,127.39,4162.1,0,0
26,Basic,Month-to-month,Yes,110.91,4877.4,0,0
43,Standard,Month-to-month,Yes,129.13,2370.8,0,0
74,Basic,Month-to-month,Yes,147.63,333.5,0,0
64,Standard,Month-to-month,Yes,100.77,240.5,0,0
74,Basic,Month-to-month,Yes,92.69,1478.3,3,0
39,Basic,One-year,Yes,101.67,4662.7,0,0
64,Standard,Month-to-month,No,89.25,2616.1,0,0
73,Basic,Month-to-month,Yes,102.56,1358.9,0,1
47,Premium,Month-to-month,Yes,78.48,1995.8,0,0
60,Standard,Month-to-month,Yes,48.4,2993.0,1,0
65,Basic,One-year,Yes,35.63,3264.7,0,0
78,Basic,Month-to-month,Yes,28.88,769.6,1,1
34,Standard,Month-to-month,Yes,54.23,4885.2,0,1
43,Basic,Two-year,Yes,26.0,2723.9,0,0
53,Basic,Month-to-month,Yes,93.73,678.4,0,0
18,Standard,Month-to-month,Yes,56.9,4468.2,1,1
25,Premium,Month-to-month,Yes,127.19,373.2,0,1
66,Standard,Two-year,Yes,29.65,4538.7,3,0
52,Standard,Two-year,No,49.43,4982.8,0,0
78,Premium,Month-to-month,Yes,114.93,3502.2,0,1
69,Basic,Month-to-month,No,97.85,3852.2,0,0
32,Premium,Two-year,No,28.38,1686.5,0,0
64,Standard,Month-to-month,No,134.04,4707.9,1,0
73,Basic,Month-to-month,Yes,134.04,2648.6,0,1
39,Premium,One-year,No,62.95,3661.9,0,0
31,Basic,Month-to-month,Yes,64.25,4620.5,0,0
43,Basic,Month-to-month,Yes,148.57,4875.9,1,1
45,Standard,One-year,Yes,101.4,4166.0,2,0
40,Standard,Month-to-month,Yes,89.07,1515.1,1,0
31,Basic,Month-to-month,Yes,128.96,4832.7,0,0
41,Basic,Month-to-month,Yes,57.09,3140.6,0,0
19,Standard,Month-to-month,Yes,75.79,4653.2,0,0
62,Standard,Month-to-month,Yes,54.81,3380.5,0,1
43,Standard,Month-to-month,Yes,122.59,1536.2,1,1
31,Premium,One-year,Yes,94.54,1850.1,1,0
76,Basic,Two-year,No,105.65,2752.4,0,0
73,Basic,Month-to-month,Yes,52.8,3950.1,1,1
68,Standard,One-year,Yes,48.63,1589.9,0,0
24,Standard,One-year,No,83.49,2898.7,0,0
20,Basic,One-year,Yes,115.88,1728.1,1,0
64,Basic,Month-to-month,Yes,88.28,4078.8,0,1
40,Premium,Two-year,No,24.24,2333.6,0,0
63,Premium,Month-to-month,No,132.91,383.6,1,1
60,Standard,Month-to-month,Yes,28.41,830.3,0,1
64,Basic,Month-to-month,Yes,144.26,305.5,0,1
77,Premium,One-year,No,23.27,2496.5,1,0
62,Premium,Month-to-month,Yes,110.28,531.7,0,1
35,Standard,Month-to-month,Yes,30.69,570.7,0,0
75,Premium,One-year,Yes,138.39,4705.2,1,0
55,Premium,Two-year,Yes,80.38,4363.3,0,0
52,Premium,One-year,Yes,37.88,2260.4,1,0
68,Premium,Month-to-month,No,64.31,4929.0,0,1
32,Standard,Month-to-month,Yes,41.43,0.9,0,0
42,Standard,One-year,Yes,42.18,3069.9,2,0
72,Standard,Month-to-month,Yes,143.25,3082.1,0,0
54,Standard,One-year,Yes,77.88,2287.2,0,0
45,Standard,Month-to-month,Yes,122.54,1984.7,2,1
27,Premium,Two-year,No,103.15,2276.9,0,0
56,Standard,Month-to-month,No,107.94,2074.8,1,1
74,Standard,Month-to-month,Yes,37.12,3652.5,0,0
34,Standard,Two-year,Yes,50.44,676.8,0,0
56,Standard,Month-to-month,Yes,122.28,988.2,0,1
39,Standard,Month-to-month,No,146.2,902.6,0,0
43,Basic,One-year,Yes,54.15,1312.4,1,1
79,Standard,Month-to-month,No,55.3,2626.3,0,0
61,Basic,Month-to-month,Yes,81.48,556.0,0,1
42,Basic,Month-to-month,Yes,147.9,4340.8,0,0
34,Standard,Month-to-month,Yes,54.96,1486.8,0,0
30,Basic,Month-to-month,Yes,72.91,812.7,0,0
37,Basic,One-year,No,135.89,3378.1,1,0
42,Basic,One-year,Yes,20.38,190.4,0,0
21,Basic,Month-to-month,Yes,25.17,3099.8,0,1
27,Standard,Month-to-month,Yes,98.53,3491.0,0,0
20,Standard,Two-year,Yes,137.96,1074.6,1,0
58,Premium,Two-year,Yes,51.05,209.8,1,0
62,Basic,Month-to-month,Yes,81.05,1818.2,1,1
35,Basic,One-year,Yes,78.56,493.0,1,1
64,Basic,One-year,Yes,81.49,582.4,0,0
53,Standard,Month-to-month,Yes,100.93,1271.3,2,1
64,Standard,Month-to-month,Yes,81.07,1477.3,0,0
39,Premium,Month-to-month,Yes,78.17,2649.9,0,1
51,Standard,One-year,Yes,81.66,3392.0,1,0
64,Standard,One-year,Yes,96.81,2963.9,0,0
25,Standard,One-year,Yes,89.81,741.8,1,1
57,Premium,Month-to-month,Yes,131.04,860.4,1,1
66,Basic,One-year,Yes,26.43,4393.8,1,0
61,Basic,One-year,Yes,128.33,2791.8,0,0
36,Standard,Two-year,Yes,129.71,4349.7,1,0
59,Standard,Month-to-month,Yes,57.04,1857.7,1,1
58,Premium,One-year,No,80.17,3072.0,0,0
54,Standard,Month-to-month,Yes,77.01,2618.3,1,0
23,Basic,One-year,Yes,48.41,1595.6,0,0
69,Premium,One-year,Yes,71.58,2349.6,1,1
43,Premium,Month-to-month,Yes,25.77,2512.5,0,0
51,Basic,One-year,Yes,56.12,1003.9,0,0
76,Premium,Month-to-month,No,126.17,1575.1,2,1
73,Basic,One-year,Yes,56.99,3957.0,2,0
76,Basic,Month-to-month,Yes,126.37,4578.9,1,0
62,Premium,One-year,Yes,89.11,1799.0,0,0
23,Standard,Two-year,Yes,134.38,1534.9,2,0
54,Basic,Month-to-month,Yes,94.72,976.0,0,1
74,Basic,Month-to-month,No,23.86,3392.5,0,1
50,Standard,Month-to-month,No,107.8,1615.5,0,0
70,Basic,Month-to-month,Yes,25.83,4938.7,0,1
39,Standard,Month-to-month,No,78.58,1628.4,0,0
38,Standard,One-year,Yes,140.83,1970.7,0,0
23,Basic,Two-year,Yes,41.48,3016.7,0,0
23,Standard,Two-year,Yes,70.68,4008.4,1,0
72,Premium,Month-to-month,Yes,114.88,2347.6,0,1
65,Standard,One-year,No,134.69,2113.3,0,1
21,Basic,One-year,No,107.22,4978.2,0,1
47,Basic,Month-to-month,No,53.56,52.5,0,0
28,Standard,Month-to-month,Yes,107.7,4475.3,0,1
79,Premium,Month-to-month,Yes,58.57,745.7,1,1
79,Basic,One-year,Yes,113.4,3929.6,2,0
47,Basic,Month-to-month,Yes,144.02,3089.7,0,0
48,Standard,One-year,Yes,113.78,1709.2,1,0
41,Standard,Month-to-month,Yes,132.17,4369.4,0,1
72,Basic,Two-year,No,20.27,64.5,1,0
26,Premium,Month-to-month,No,113.28,1133.5,0,1
72,Basic,One-year,Yes,127.85,2834.5,0,0
20,Standard,Month-to-month,Yes,25.27,1757.7,0,0
68,Standard,Month-to-month,Yes,133.31,3051.9,0,0
48,Standard,One-year,Yes,53.37,120.6,0,1
57,Basic,Two-year,Yes,106.49,582.3,3,0
54,Standard,Month-to-month,Yes,124.05,635.5,2,0
53,Basic,Month-to-month,Yes,106.15,946.4,0,0
41,Basic,Month-to-month,Yes,32.0,2296.7,0,0
48,Standard,Month-to-month,Yes,97.52,3760.6,0,0
23,Standard,Month-to-month,No,91.45,4527.7,0,0
19,Basic,One-year,Yes,137.04,4176.9,1,0
37,Basic,Two-year,No,72.55,984.4,0,0
45,Premium,Month-to-month,Yes,61.74,2205.8,0,1
28,Premium,Month-to-month,Yes,117.48,997.1,0,0
21,Basic,Month-to-month,Yes,73.65,1322.4,0,1
32,Standard,Month-to-month,Yes,103.99,2517.7,0,0
23,Standard,Month-to-month,Yes,104.04,340.5,1,1
71,Standard,Month-to-month,Yes,135.45,1090.9,1,1
66,Premium,Month-to-month,Yes,97.83,4676.9,0,0
47,Basic,Month-to-month,Yes,85.28,2330.6,0,1
73,Standard,Month-to-month,No,38.05,2226.9,1,0
55,Standard,Month-to-month,Yes,35.05,72.8,1,0
68,Standard,Month-to-month,No,40.06,1237.0,2,0
79,Standard,Two-year,Yes,42.34,4331.5,1,0
74,Premium,One-year,No,102.92,823.1,1,0
19,Basic,Two-year,No,116.33,2075.6,0,1
32,Basic,Month-to-month,Yes,88.9,71.7,1,1
28,Basic,Month-to-month,Yes,127.77,2391.7,0,0
25,Premium,Month-to-month,Yes,148.86,105.1,1,0
43,Standard,Month-to-month,Yes,126.6,4098.0,0,0
68,Standard,One-year,Yes,110.33,4124.3,1,0
62,Basic,Month-to-month,Yes,89.22,3938.7,0,0
61,Premium,Month-to-month,No,78.35,1416.8,1,0
22,Premium,Month-to-month,No,30.97,4186.2,1,0
23,Standard,Month-to-month,Yes,71.92,2715.0,0,1
43,Basic,Two-year,Yes,138.32,1869.0,0,0
71,Basic,Month-to-month,Yes,125.04,3126.6,1,0
21,Standard,One-year,Yes,48.09,61.7,0,0
36,Standard,Month-to-month,Yes,80.66,714.8,0,0
37,Basic,Two-year,Yes,126.17,3711.5,1,1
50,Standard,Month-to-month,No,28.76,1220.8,1,0
37,Basic,One-year,Yes,70.36,2990.0,1,1
66,Standard,Month-to-month,Yes,130.74,1925.5,1,1
29,Standard,One-year,Yes,72.51,4274.0,0,0
64,Basic,Month-to-month,Yes,30.09,4762.1,0,0
18,Standard,Month-to-month,Yes,90.53,4417.8,1,0
43,Basic,Two-year,Yes,132.03,1353.1,0,1
31,Basic,Two-year,Yes,96.74,970.8,0,1
55,Premium,Month-to-month,Yes,49.42,2372.2,1,0
54,Basic,One-year,Yes,69.95,36.7,1,0
79,Basic,Month-to-month,Yes,78.52,129.0,3,1
28,Basic,One-year,Yes,95.3,2766.5,1,1
53,Basic,One-year,Yes,118.72,2602.2,0,0
30,Basic,Month-to-month,Yes,32.85,4972.9,0,0
60,Basic,Two-year,No,135.65,1009.2,0,1
20,Standard,One-year,Yes,21.6,1290.5,1,0
50,Basic,Month-to-month,No,68.11,567.7,1,1
23,Standard,One-year,Yes,23.56,4587.7,1,1
67,Basic,Month-to-month,Yes,71.09,3889.1,0,1
73,Basic,One-year,Yes,88.36,4111.7,1,0
27,Basic,One-year,Yes,86.52,4513.8,0,1
22,Premium,Month-to-month,Yes,41.53,2624.5,0,1
40,Standard,One-year,Yes,103.95,2256.0,0,0
27,Standard,Month-to-month,Yes,25.82,1652.0,1,1
61,Basic,Month-to-month,Yes,119.05,2946.1,0,1
19,Premium,Month-to-month,Yes,143.06,2271.4,0,1
30,Basic,Month-to-month,Yes,64.17,2257.8,0,1
57,Basic,One-year,Yes,87.24,4684.6,0,0
19,Standard,Month-to-month,Yes,69.26,4920.2,0,0
37,Basic,Month-to-month,Yes,20.87,3982.4,0,0
18,Premium,One-year,Yes,70.16,3783.8,1,1
54,Basic,Month-to-month,Yes,122.92,3402.8,0,0
26,Premium,Month-to-month,Yes,97.48,830.4,0,1
34,Standard,Month-to-month,Yes,33.16,295.5,0,1
26,Standard,One-year,Yes,130.13,3453.6,1,0
28,Basic,Month-to-month,Yes,89.04,3643.9,0,0
32,Basic,Month-to-month,Yes,129.42,234.9,0,1
41,Premium,Month-to-month,Yes,95.43,4640.3,1,1
55,Basic,One-year,No,92.76,455.7,1,0
72,Standard,Month-to-month,Yes,33.68,1429.5,2,1
52,Premium,Two-year,Yes,41.76,3361.9,0,0
47,Basic,One-year,Yes,146.36,849.4,0,0
48,Standard,Two-year,Yes,49.7,277.1,0,0
66,Standard,Month-to-month,Yes,147.07,1655.7,0,0
22,Basic,Month-to-month,Yes,89.15,3829.9,0,0
79,Basic,Two-year,Yes,37.65,2068.4,0,0
77,Standard,Month-to-month,Yes,32.91,3264.9,0,0
61,Basic,Month-to-month,Yes,47.15,2898.1,0,0
67,Standard,Month-to-month,Yes,140.33,111.1,0,0
31,Basic,Two-year,Yes,73.84,4942.7,0,0
70,Premium,One-year,Yes,71.41,207.1,1,0
73,Basic,Month-to-month,Yes,60.72,4839.0,1,1
28,Standard,One-year,Yes,39.12,2749.3,0,0
26,Standard,Month-to-month,No,83.42,4815.8,0,0
51,Basic,One-year,Yes,36.91,573.8,0,0
29,Basic,Month-to-month,Yes,128.61,2452.0,1,1
52,Standard,One-year,Yes,68.15,847.5,0,0
52,Premium,Month-to-month,Yes,68.72,254.9,1,0
18,Basic,Month-to-month,Yes,81.62,3087.6,2,1
57,Standard,Month-to-month,Yes,77.74,1038.9,0,0
39,Basic,Month-to-month,Yes,149.33,2938.5,0,1
77,Basic,One-year,Yes,90.9,561.8,1,0
46,Standard,Month-to-month,Yes,31.47,1659.9,2,1
25,Premium,Month-to-month,Yes,98.89,3908.2,0,1
28,Basic,Month-to-month,Yes,39.71,2185.3,1,1
58,Premium,Month-to-month,Yes,24.02,3138.7,1,0
54,Basic,Month-to-month,Yes,146.2,3237.3,0,0
31,Standard,Month-to-month,Yes,120.56,4218.8,0,0
77,Standard,Month-to-month,Yes,147.41,1624.6,1,1
47,Standard,Month-to-month,Yes,82.12,3436.5,1,0
52,Standard,Month-to-month,Yes,89.19,4808.1,1,0
38,Basic,Two-year,Yes,41.88,3651.2,0,0
54,Standard,One-year,Yes,52.1,2449.4,1,0
22,Standard,Month-to-month,Yes,129.01,3153.6,0,1
36,Basic,One-year,Yes,66.3,3698.4,0,0
76,Premium,One-year,Yes,127.49,3061.4,2,0
31,Basic,Month-to-month,Yes,112.17,83.4,0,0
43,Standard,One-year,Yes,43.03,973.9,1,0
79,Basic,Month-to-month,No,85.97,4052.3,1,1
21,Basic,One-year,Yes,108.06,1363.3,2,0
42,Basic,Month-to-month,Yes,50.55,3657.8,1,0
62,Standard,Month-to-month,Yes,127.99,1860.6,0,1
59,Standard,Month-to-month,Yes,90.83,2609.4,0,0
42,Basic,Two-year,No,41.48,339.9,1,1
35,Basic,One-year,Yes,95.79,906.1,1,0
57,Basic,Month-to-month,Yes,149.96,4786.0,0,0
25,Standard,Month-to-month,Yes,39.57,4450.7,0,0
56,Standard,Month-to-month,Yes,126.18,3261.4,1,1
57,Basic,Month-to-month,No,46.95,2298.2,0,1
31,Basic,Month-to-month,No,121.71,3378.8,1,1
49,Standard,Month-to-month,Yes,115.5,3093.1,0,1
68,Basic,Two-year,Yes,59.06,2842.8,0,1
78,Basic,One-year,Yes,62.36,295.9,1,1
55,Basic,Month-to-month,Yes,123.03,3164.0,1,1
50,Standard,Month-to-month,Yes,79.99,3844.6,1,0
40,Standard,Two-year,Yes,115.01,4970.4,0,0
32,Standard,One-year,No,39.24,55.4,1,0
50,Basic,One-year,Yes,130.83,3650.9,0,0
42,Standard,Two-year,Yes,112.42,2858.9,1,0
34,Basic,One-year,Yes,137.9,2170.3,2,0
50,Premium,Month-to-month,No,37.21,637.9,1,0
64,Standard,Month-to-month,Yes,97.09,2045.4,0,0
72,Standard,Two-year,Yes,97.89,1771.9,2,1
19,Basic,Month-to-month,Yes,65.95,1514.1,0,1
31,Basic,Month-to-month,No,79.6,3654.4,0,0
70,Standard,Month-to-month,No,24.94,3503.6,1,0
57,Standard,One-year,Yes,116.96,2945.1,0,0
57,Basic,Two-year,Yes,91.41,4693.3,0,1
68,Premium,Month-to-month,Yes,27.51,1749.3,0,1
56,Premium,Month-to-month,Yes,108.5,1219.0,0,0
68,Standard,Two-year,Yes,80.68,3279.5,0,0
23,Premium,Month-to-month,Yes,24.48,994.1,0,0
23,Basic,Month-to-month,Yes,146.05,1575.1,0,0
20,Basic,Two-year,No,143.38,1123.0,1,1
24,Basic,Month-to-month,Yes,86.68,345.8,1,1
68,Standard,Month-to-month,Yes,32.18,4137.5,2,0
25,Basic,One-year,Yes,118.1,1272.7,0,0
59,Premium,Month-to-month,No,83.95,2365.1,0,1
69,Basic,Two-year,Yes,59.32,216.6,0,1
32,Basic,Month-to-month,Yes,83.88,3496.7,1,0
64,Premium,Month-to-month,Yes,87.92,1652.8,1,1
46,Basic,Month-to-month,Yes,93.15,3723.7,1,0
50,Basic,Month-to-month,Yes,77.36,2062.0,0,0
69,Standard,One-year,No,98.75,978.8,0,0
47,Basic,One-year,No,139.44,2565.9,1,0
56,Basic,Two-year,No,67.09,652.5,3,1
44,Basic,Month-to-month,Yes,114.34,2202.7,2,0
53,Standard,One-year,No,136.28,1586.5,0,0
46,Premium,Month-to-month,No,79.28,4559.8,0,0
55,Premium,One-year,No,77.65,304.6,0,1
74,Basic,One-year,Yes,98.28,3470.1,0,0
50,Basic,Month-to-month,Yes,96.88,913.8,1,0
78,Standard,Month-to-month,Yes,124.86,1595.2,0,1
54,Premium,Month-to-month,No,81.94,2077.6,1,1
44,Basic,Month-to-month,Yes,149.5,4540.1,1,1
72,Basic,Two-year,Yes,27.73,1212.9,0,0
50,Standard,Month-to-month,No,20.41,456.5,0,0
79,Premium,Month-to-month,Yes,103.23,1593.4,0,0
21,Basic,Month-to-month,Yes,58.8,523.4,0,0
39,Basic,One-year,No,51.25,643.0,1,0
19,Basic,Month-to-month,No,60.55,2869.3,1,1
27,Basic,Month-to-month,Yes,53.29,304.5,0,1
22,Standard,Month-to-month,No,24.0,154.7,1,1
76,Standard,One-year,Yes,146.3,3572.1,2,0
27,Standard,Month-to-month,Yes,48.7,1808.2,0,0
50,Basic,One-year,Yes,115.42,626.9,0,0
71,Basic,Month-to-month,Yes,119.14,1268.1,1,1
55,Basic,Month-to-month,Yes,140.8,3210.4,0,0
30,Basic,Month-to-month,Yes,23.97,1377.7,0,0
48,Standard,Month-to-month,No,133.37,2472.6,0,0
64,Basic,Month-to-month,Yes,88.54,608.5,0,0
53,Basic,Month-to-month,No,102.23,2940.5,0,1
62,Basic,One-year,Yes,103.78,1580.4,0,0
41,Standard,Month-to-month,Yes,126.57,3134.8,2,0
69,Standard,Month-to-month,No,63.34,4042.0,0,0
73,Premium,Two-year,No,115.3,3058.2,0,0
32,Basic,Month-to-month,Yes,88.72,1478.7,4,1
46,Standard,One-year,Yes,123.14,1278.7,1,0
25,Basic,One-year,Yes,148.77,1637.1,0,0
22,Basic,Month-to-month,Yes,46.08,823.1,1,0
46,Premium,One-year,No,149.3,905.9,0,0
64,Basic,Month-to-month,Yes,31.68,3953.5,0,0
21,Standard,Month-to-month,Yes,20.3,1923.7,0,0
29,Basic,Month-to-month,Yes,25.74,2180.0,1,1
62,Standard,Month-to-month,Yes,64.43,2970.2,0,0
19,Standard,Month-to-month,Yes,102.28,2948.3,0,0
44,Premium,Month-to-month,Yes,28.97,336.9,0,1
48,Premium,Month-to-month,Yes,20.74,4157.7,0,0
68,Standard,Month-to-month,Yes,141.82,886.6,1,0
68,Basic,Month-to-month,Yes,126.85,3615.4,2,1
53,Standard,Month-to-month,Yes,125.19,3863.4,0,0
53,Standard,Month-to-month,No,134.98,3574.5,0,0
43,Basic,Month-to-month,No,111.0,2894.9,1,1
60,Standard,Month-to-month,Yes,33.57,73.0,4,1
44,Premium,Month-to-month,Yes,71.88,1801.9,0,0
22,Standard,Two-year,No,114.01,3024.2,1,0
37,Basic,One-year,Yes,56.44,1937.3,0,0
28,Premium,Month-to-month,Yes,109.36,4317.4,1,1
79,Basic,One-year,Yes,23.18,1544.0,1,0
27,Basic,Month-to-month,Yes,59.8,1467.7,0,0
57,Standard,Month-to-month,Yes,91.39,1330.0,2,0
55,Basic,Two-year,Yes,102.17,1663.9,0,0
23,Standard,Month-to-month,Yes,95.02,2787.0,0,1
25,Basic,Two-year,Yes,110.71,3535.1,1,0
40,Basic,Month-to-month,No,20.79,3312.8,0,1
64,Basic,Month-to-month,Yes,33.12,4038.6,1,0
43,Premium,Month-to-month,Yes,132.96,4429.6,0,1
63,Standard,Month-to-month,No,108.63,4080.4,0,0
60,Basic,Month-to-month,Yes,34.68,94.7,0,1
29,Basic,Month-to-month,Yes,129.47,3679.6,1,0
43,Basic,One-year,No,51.49,1042.0,0,0
30,Standard,Month-to-month,Yes,82.17,664.6,2,0
57,Basic,Month-to-month,Yes,38.88,3192.4,0,0
79,Standard,Month-to-month,No,112.31,1598.7,0,0
35,Standard,Two-year,Yes,106.69,285.6,1,1
42,Standard,Month-to-month,Yes,47.44,688.1,1,1
50,Standard,Month-to-month,No,132.24,4.6,0,0
64,Standard,Two-year,No,72.17,4516.1,1,1
57,Basic,Month-to-month,No,58.03,123.1,1,1
77,Standard,Month-to-month,Yes,39.8,1047.3,0,1
60,Standard,One-year,Yes,54.6,2081.3,0,0
29,Basic,One-year,Yes,22.86,1782.9,0,0
61,Premium,Month-to-month,Yes,95.82,4558.6,0,1
53,Basic,Month-to-month,Yes,129.49,201.4,0,1
65,Basic,One-year,Yes,91.37,2561.1,0,0
21,Basic,Month-to-month,Yes,48.51,3402.4,3,0
22,Premium,Two-year,Yes,24.38,4658.5,1,0
73,Standard,Month-to-month,Yes,47.9,3101.9,0,0
54,Standard,Month-to-month,Yes,74.1,4018.8,1,1
25,Basic,Month-to-month,No,118.75,418.6,0,1
59,Standard,One-year,Yes,44.42,1929.7,0,1
66,Basic,Two-year,Yes,113.57,1869.7,0,0
45,Premium,One-year,No,132.7,4431.4,1,0
48,Basic,Two-year,Yes,79.01,756.9,1,1
75,Basic,Month-to-month,Yes,126.79,759.4,1,0
26,Basic,Month-to-month,Yes,92.11,1642.8,0,0
71,Premium,One-year,No,102.82,272.3,1,0
68,Standard,Two-year,Yes,88.42,912.3,1,0
46,Standard,One-year,Yes,80.21,4826.0,1,0
31,Standard,One-year,No,50.5,2140.9,0,0
57,Premium,Month-to-month,No,59.42,3160.1,0,0
58,Premium,Month-to-month,Yes,57.7,3630.6,1,0
39,Standard,Two-year,No,93.23,1834.8,0,0
28,Basic,Month-to-month,No,35.59,736.1,1,1
40,Basic,Month-to-month,Yes,139.18,1032.9,1,1
18,Premium,One-year,Yes,113.69,1566.3,0,0
63,Standard,Month-to-month,Yes,72.19,3180.3,1,0
54,Basic,One-year,Yes,40.62,1991.4,0,0
38,Standard,Month-to-month,No,134.66,34.1,0,0
43,Premium,One-year,Yes,127.09,2617.0,0,0
63,Basic,One-year,No,113.82,4607.6,0,0
53,Standard,Month-to-month,Yes,55.3,4060.4,0,0
71,Premium,Month-to-month,Yes,72.32,4126.1,0,0
40,Standard,Month-to-month,Yes,33.36,3975.3,0,0
74,Basic,Month-to-month,Yes,44.58,1618.7,1,0
18,Premium,Month-to-month,No,121.79,3826.0,0,0
71,Premium,Month-to-month,Yes,112.96,715.8,2,1
72,Premium,Month-to-month,Yes,97.15,3288.6,1,0
68,Standard,Month-to-month,Yes,136.44,3207.8,1,1
57,Basic,Month-to-month,No,95.82,127.8,0,1
32,Premium,One-year,No,80.71,3939.9,1,1
38,Basic,Month-to-month,Yes,64.25,4516.2,0,0
64,Premium,Two-year,Yes,142.26,1337.1,0,0
26,Premium,One-year,Yes,30.75,4062.0,0,0
70,Standard,One-year,Yes,141.02,412.0,1,1
26,Premium,One-year,Yes,127.47,2999.8,0,0
27,Standard,Month-to-month,Yes,36.89,2428.2,0,0
69,Basic,One-year,Yes,93.45,2729.6,1,1
74,Standard,Month-to-month,Yes,132.65,4631.0,1,0
70,Basic,Two-year,Yes,94.34,4356.6,0,1
43,Standard,Two-year,Yes,137.94,3925.4,0,0
58,Basic,Month-to-month,Yes,142.59,1368.5,0,0
52,Standard,Month-to-month,Yes,74.91,4559.1,0,0
69,Premium,Month-to-month,Yes,69.05,487.5,0,0
42,Premium,One-year,Yes,141.72,4266.6,0,0
43,Basic,Month-to-month,Yes,107.77,1640.8,0,1
28,Standard,Month-to-month,No,35.08,268.9,0,0
55,Standard,Month-to-month,Yes,25.5,3346.8,0,1
19,Premium,Month-to-month,No,93.4,1156.4,0,0
24,Standard,Two-year,Yes,140.92,1217.9,0,0
35,Standard,One-year,Yes,129.75,1530.2,0,0
44,Premium,Month-to-month,Yes,107.86,318.4,1,1
51,Basic,Month-to-month,Yes,38.09,885.6,0,1
44,Premium,Month-to-month,Yes,53.05,25.7,0,0
34,Premium,Month-to-month,Yes,133.82,2227.0,0,0
60,Premium,One-year,Yes,43.76,421.3,1,0
76,Basic,Month-to-month,No,56.2,3413.3,0,0
61,Standard,Month-to-month,Yes,36.85,1178.1,1,1
76,Premium,Two-year,Yes,107.89,4717.9,0,0
68,Basic,Two-year,Yes,142.72,4356.3,0,0
71,Standard,Month-to-month,Yes,54.97,1447.2,1,0
41,Basic,Month-to-month,Yes,81.8,3916.1,2,0
42,Basic,Month-to-month,Yes,102.46,4016.2,0,0
24,Standard,One-year,Yes,149.93,4932.8,0,1
69,Standard,Two-year,Yes,33.63,2989.2,2,0
23,Basic,Month-to-month,Yes,84.81,409.8,1,1
70,Standard,Month-to-month,Yes,70.07,3234.2,0,0
41,Standard,Two-year,No,132.56,3124.9,2,0
50,Standard,One-year,No,81.88,3191.8,2,0
66,Standard,Two-year,No,34.43,1535.7,2,0
46,Standard,Month-to-month,Yes,102.48,4298.4,1,0
60,Standard,Month-to-month,Yes,120.2,4797.4,1,1
39,Basic,Month-to-month,Yes,20.37,1088.6,1,0
43,Standard,Month-to-month,Yes,131.66,440.8,0,1
45,Standard,Month-to-month,Yes,44.18,972.7,0,0
67,Standard,Month-to-month,No,91.77,4102.8,2,0
38,Basic,Month-to-month,Yes,74.05,3383.2,2,1
66,Standard,Two-year,Yes,113.55,3180.2,0,0
24,Basic,Month-to-month,Yes,68.25,2009.0,1,0
34,Premium,One-year,Yes,133.07,2889.1,2,1
37,Basic,Month-to-month,Yes,114.96,1539.4,1,0
58,Premium,One-year,Yes,104.2,2386.0,0,0
66,Standard,Month-to-month,Yes,123.51,3965.3,0,0
37,Standard,One-year,Yes,118.02,4906.2,0,0
71,Basic,Month-to-month,Yes,24.67,4662.4,0,1
39,Basic,Month-to-month,Yes,71.32,4669.3,1,0
45,Basic,One-year,No,141.0,2011.1,0,0
78,Basic,Month-to-month,Yes,36.34,2343.9,0,0
57,Standard,Month-to-month,Yes,115.82,3528.2,0,1
66,Basic,Two-year,No,146.7,4611.0,0,0
24,Standard,Two-year,Yes,26.79,710.0,0,0
18,Basic,Month-to-month,Yes,108.69,1521.2,1,1
49,Premium,Month-to-month,Yes,80.86,696.2,1,0
30,Standard,Month-to-month,No,95.29,3060.0,3,1
47,Basic,Month-to-month,Yes,31.09,1531.5,2,0
40,Standard,Two-year,Yes,25.59,1630.5,0,1
68,Basic,Month-to-month,Yes,106.69,354.6,0,1
76,Basic,Month-to-month,Yes,127.03,1749.0,0,0
73,Standard,Two-year,No,121.66,4312.5,0,1
36,Standard,Month-to-month,Yes,90.69,1165.4,0,0
79,Premium,One-year,Yes,32.98,3475.9,2,0
49,Standard,Month-to-month,Yes,109.45,3148.1,0,0
47,Premium,Month-to-month,Yes,51.45,4317.4,1,1
46,Premium,Month-to-month,No,138.44,661.4,1,0
66,Premium,Month-to-month,No,128.97,4887.9,1,1
62,Standard,Month-to-month,Yes,112.22,2913.1,1,0
46,Basic,Month-to-month,No,143.35,4977.4,0,0
47,Basic,Month-to-month,Yes,24.08,4557.6,0,1
33,Standard,Month-to-month,No,115.71,1107.6,0,1
57,Standard,Month-to-month,Yes,62.93,280.8,2,0
36,Basic,Month-to-month,Yes,137.79,1278.2,0,0
35,Standard,Month-to-month,Yes,54.67,2637.8,0,0
18,Basic,One-year,Yes,114.23,858.0,1,1
31,Standard,Month-to-month,Yes,134.09,837.3,0,0
68,Basic,Month-to-month,No,25.42,2313.0,1,1
64,Standard,One-year,No,71.69,166.3,3,0
67,Standard,Month-to-month,Yes,119.1,609.4,0,0
19,Basic,One-year,Yes,79.14,2079.3,1,0
71,Standard,One-year,No,54.74,315.6,0,0
45,Standard,Month-to-month,Yes,48.57,1983.8,0,0
66,Basic,Month-to-month,Yes,37.1,2370.0,1,0
67,Basic,Two-year,Yes,131.43,2256.3,0,0
47,Basic,Month-to-month,Yes,94.8,4345.9,0,1
55,Standard,One-year,Yes,29.93,2650.3,0,0
68,Standard,Month-to-month,Yes,69.74,2339.9,0,0
21,Basic,Month-to-month,Yes,67.81,2053.5,2,1
18,Standard,Month-to-month,Yes,43.63,4088.1,2,0
25,Basic,Month-to-month,No,76.62,4475.3,2,1
46,Premium,Month-to-month,Yes,63.17,4266.2,0,0
72,Basic,One-year,Yes,64.43,3367.7,1,0
56,Premium,Two-year,Yes,116.07,686.8,0,0
20,Standard,One-year,Yes,49.02,1384.3,0,0
49,Standard,Month-to-month,Yes,103.44,230.3,0,0
27,Standard,Two-year,Yes,94.18,4654.1,1,1
27,Standard,One-year,Yes,93.85,3304.0,0,0
36,Basic,Two-year,Yes,106.19,3731.8,1,0
63,Standard,Month-to-month,Yes,91.29,1557.9,0,0
51,Standard,One-year,Yes,134.3,4228.3,0,0
77,Standard,Month-to-month,Yes,107.83,1298.0,1,0
50,Standard,Month-to-month,Yes,91.11,8.2,1,0
40,Premium,Two-year,No,127.87,1882.1,0,0
72,Standard,Month-to-month,Yes,98.8,2853.8,0,0
45,Basic,Month-to-month,Yes,57.85,2393.5,0,1
49,Standard,Two-year,Yes,46.92,4310.4,1,0
67,Standard,Month-to-month,No,39.8,527.0,1,0
24,Premium,Two-year,Yes,136.93,2769.1,1,1
46,Premium,One-year,Yes,112.32,2564.9,1,1
25,Standard,Month-to-month,Yes,141.86,1407.0,0,0
18,Basic,Month-to-month,Yes,98.43,4111.1,0,0
74,Standard,One-year,Yes,81.54,3764.2,1,0
72,Standard,Month-to-month,Yes,27.76,3664.3,1,0
20,Premium,Two-year,Yes,107.31,4381.0,0,0
41,Basic,Two-year,No,95.69,3613.9,1,0
40,Basic,Month-to-month,Yes,148.73,1159.2,1,0
76,Basic,Month-to-month,Yes,51.09,3527.8,0,0
78,Standard,Two-year,Yes,89.0,1538.5,0,0
25,Premium,Month-to-month,No,104.62,1210.9,1,0
71,Basic,Month-to-month,Yes,103.8,365.0,0,1
74,Standard,One-year,No,92.97,3720.1,1,0
64,Standard,Two-year,Yes,121.0,3555.0,4,0
54,Standard,One-year,Yes,46.65,1172.5,0,0
20,Basic,Month-to-month,Yes,114.33,3746.9,1,0
68,Premium,One-year,No,100.57,4589.2,0,0
50,Basic,One-year,Yes,136.49,540.1,1,0
45,Standard,Two-year,Yes,130.14,1163.2,3,0
64,Basic,Two-year,Yes,60.97,3751.3,2,0
25,Standard,Month-to-month,Yes,55.91,1372.5,0,1
51,Premium,One-year,Yes,147.61,3123.3,2,0
52,Basic,Two-year,No,88.54,405.8,0,1
49,Basic,Month-to-month,Yes,137.83,2261.0,1,0
41,Standard,Month-to-month,Yes,41.3,3695.5,2,0
31,Standard,Two-year,Yes,103.57,3432.6,1,0
49,Standard,Month-to-month,Yes,125.28,4075.4,1,1
73,Basic,Month-to-month,Yes,143.16,4387.3,1,1
63,Basic,Month-to-month,Yes,63.85,3865.9,0,0
60,Standard,Month-to-month,Yes,114.25,3357.9,0,0
33,Basic,Month-to-month,No,90.05,158.6,0,1
21,Premium,Month-to-month,Yes,27.88,2674.8,0,1
69,Basic,Two-year,Yes,109.7,188.5,0,0
54,Standard,One-year,Yes,109.71,4040.3,0,0
71,Basic,One-year,Yes,140.98,1603.6,3,1
38,Basic,Month-to-month,Yes,84.65,2812.1,0,0
31,Standard,One-year,No,49.93,1397.2,0,0
48,Standard,One-year,Yes,25.79,3912.5,0,0
72,Basic,One-year,No,74.03,4432.5,2,1
65,Basic,Month-to-month,Yes,59.25,1993.2,0,1
35,Basic,Month-to-month,Yes,118.94,4314.6,0,0
24,Standard,One-year,No,66.05,1335.4,1,0
27,Standard,One-year,No,143.38,2673.3,0,0
24,Basic,One-year,No,145.1,4293.8,0,0
50,Standard,Month-to-month,Yes,100.72,1629.4,1,0
40,Standard,Month-to-month,Yes,140.73,4770.2,0,1
38,Premium,One-year,Yes,118.91,609.4,1,0
36,Premium,Month-to-month,Yes,91.09,91.4,2,0
65,Basic,One-year,Yes,43.44,4520.7,0,0
78,Basic,Two-year,No,79.62,343.2,1,1
36,Basic,One-year,Yes,92.91,4959.4,2,0
53,Standard,Month-to-month,No,132.32,4757.0,0,0
46,Premium,Month-to-month,Yes,82.57,685.1,0,0
77,Standard,One-year,Yes,136.7,2687.9,1,1
35,Basic,Two-year,Yes,107.67,924.6,2,0
19,Standard,Month-to-month,Yes,37.81,2140.8,1,1
18,Basic,Month-to-month,No,149.35,307.1,0,1
64,Basic,Month-to-month,Yes,88.54,1119.6,2,0
22,Standard,One-year,Yes,70.94,1816.4,1,1
37,Basic,One-year,Yes,105.68,2193.2,0,0
28,Basic,Two-year,Yes,34.16,4887.5,0,0
59,Standard,Month-to-month,No,102.75,4039.3,1,0
19,Basic,One-year,Yes,84.77,3687.0,0,0
20,Basic,Month-to-month,Yes,72.87,2685.2,0,0
40,Basic,Month-to-month,No,143.89,4200.0,1,0
72,Premium,One-year,Yes,87.93,1696.6,0,0
29,Standard,Month-to-month,No,48.49,3544.5,0,0
37,Basic,Month-to-month,Yes,79.67,4968.9,1,1
22,Standard,One-year,Yes,139.52,1573.1,0,0
54,Basic,Month-to-month,No,42.89,3370.1,1,1
55,Standard,Month-to-month,No,47.81,4221.6,1,1
47,Standard,Month-to-month,Yes,21.69,4579.0,0,0
26,Premium,Month-to-month,Yes,21.84,3589.7,0,0
51,Standard,Two-year,No,127.82,1418.0,2,0
70,Premium,Month-to-month,Yes,115.18,1631.4,1,1
61,Premium,One-year,Yes,66.16,103.8,0,0
52,Premium,Month-to-month,Yes,110.78,3804.4,0,0
69,Standard,Month-to-month,Yes,71.38,213.7,1,0
75,Basic,Month-to-month,Yes,143.88,4323.3,0,0
39,Basic,Two-year,No,145.72,593.3,0,1
61,Basic,Month-to-month,Yes,71.06,859.4,0,1
41,Basic,One-year,No,131.05,2382.6,0,0
34,Standard,Month-to-month,Yes,120.5,3689.4,0,0
27,Standard,Two-year,Yes,60.3,695.0,0,0
47,Premium,One-year,Yes,50.17,2200.4,0,0
73,Basic,One-year,Yes,79.57,2414.3,0,0
76,Basic,Two-year,Yes,121.58,1061.4,0,0
63,Standard,One-year,Yes,144.82,577.8,0,0
40,Basic,One-year,Yes,119.27,4182.1,0,0
49,Basic,Month-to-month,Yes,131.18,2512.3,1,0
34,Premium,Month-to-month,Yes,98.4,71.9,1,1
67,Standard,One-year,No,128.6,4014.9,0,0
68,Standard,Month-to-month,No,121.97,4904.0,0,0
34,Premium,Month-to-month,Yes,69.01,3029.6,0,0
31,Standard,Month-to-month,Yes,91.76,2518.5,0,0
26,Standard,Month-to-month,Yes,124.62,4392.1,1,1
57,Premium,One-year,No,25.99,4762.6,0,0
19,Basic,Month-to-month,Yes,125.05,3772.7,1,1
62,Standard,Two-year,Yes,43.13,2227.3,1,0
42,Basic,Two-year,No,86.91,2961.1,1,0
56,Basic,Two-year,No,125.08,3504.7,0,0
26,Premium,Month-to-month,Yes,53.0,971.4,1,0
71,Standard,Month-to-month,Yes,51.95,2236.0,0,0
39,Standard,Two-year,Yes,72.36,4149.1,1,0
60,Premium,Two-year,Yes,136.3,3273.6,0,0
63,Premium,One-year,Yes,20.06,2056.0,1,0
21,Premium,Month-to-month,Yes,137.18,3316.8,2,1
43,Standard,Month-to-month,Yes,39.99,591.1,0,0
75,Basic,One-year,Yes,148.71,2007.5,0,0
46,Basic,Month-to-month,Yes,144.13,3965.6,0,1
62,Standard,One-year,No,84.31,1102.5,1,0
51,Basic,One-year,Yes,86.65,929.8,0,0
40,Standard,One-year,No,82.6,4754.1,2,0
54,Standard,Month-to-month,No,102.61,1049.5,0,0
28,Premium,Month-to-month,Yes,31.79,1304.6,2,1
23,Standard,Two-year,Yes,24.24,4848.1,0,0
35,Standard,One-year,Yes,27.5,3673.5,0,0
38,Basic,One-year,Yes,77.77,3498.0,0,0
59,Basic,One-year,No,55.82,4264.6,0,1
53,Basic,One-year,Yes,100.87,579.1,3,1
58,Standard,One-year,Yes,149.02,3529.8,2,0
55,Basic,Month-to-month,Yes,70.22,2518.4,0,0
51,Standard,Month-to-month,Yes,94.6,4145.8,0,0
34,Standard,Month-to-month,Yes,74.03,2540.7,1,1
54,Basic,Month-to-month,Yes,130.15,3101.2,1,0
42,Basic,Month-to-month,Yes,137.29,2388.7,1,1
55,Standard,Month-to-month,Yes,134.06,2390.8,1,1
75,Standard,Two-year,No,146.67,3839.8,1,0
29,Standard,Month-to-month,Yes,23.58,3142.8,0,0
40,Standard,Month-to-month,Yes,129.18,3166.3,1,0
70,Standard,Month-to-month,Yes,117.73,2251.4,0,0
59,Premium,One-year,Yes,49.73,2655.5,0,0
39,Standard,Month-to-month,Yes,144.32,3728.6,1,1
38,Premium,Month-to-month,Yes,39.26,4129.7,1,1
44,Basic,Month-to-month,Yes,108.34,3482.8,0,1
74,Standard,One-year,Yes,49.24,4620.4,1,0
48,Basic,Two-year,Yes,76.08,4101.6,1,0
23,Basic,Two-year,Yes,113.49,2809.3,0,0
44,Basic,Month-to-month,Yes,93.23,3357.0,1,1
57,Standard,One-year,Yes,75.58,4631.5,0,0
51,Basic,Month-to-month,Yes,62.42,3095.8,0,1
29,Basic,Month-to-month,Yes,129.16,4124.0,1,1
62,Premium,Month-to-month,Yes,38.7,3444.1,1,0
74,Premium,Month-to-month,Yes,75.91,2759.7,0,0
70,Standard,One-year,No,137.49,1209.2,1,0
24,Standard,Month-to-month,Yes,129.96,2130.0,0,0
27,Premium,Month-to-month,Yes,72.12,4838.7,1,0
62,Standard,Month-to-month,Yes,119.2,3288.8,0,1
34,Basic,Month-to-month,Yes,127.01,2822.0,1,1
43,Premium,One-year,Yes,135.56,4664.8,0,0
38,Standard,One-year,Yes,90.79,2932.6,0,0
45,Standard,One-year,Yes,46.58,2630.4,0,0
79,Standard,Month-to-month,Yes,53.19,3796.6,1,1
75,Standard,Month-to-month,Yes,58.44,3563.3,0,0
63,Premium,Month-to-month,Yes,97.19,965.8,1,0
19,Basic,Two-year,Yes,24.27,2356.5,0,1
77,Premium,Two-year,Yes,102.69,2362.6,1,1
71,Premium,One-year,Yes,67.37,1891.1,2,0
60,Standard,Month-to-month,Yes,58.38,2586.5,0,1
18,Standard,Month-to-month,Yes,134.33,2065.5,0,1
68,Basic,Month-to-month,Yes,79.8,996.7,0,0
70,Basic,Two-year,Yes,32.36,2061.8,0,0
53,Basic,One-year,Yes,127.48,361.4,1,1
68,Standard,Two-year,Yes,26.19,2878.9,0,0
43,Standard,One-year,Yes,114.48,4268.3,1,0
46,Basic,Month-to-month,Yes,120.61,3626.4,2,1
38,Basic,Month-to-month,Yes,65.84,1802.0,0,1
28,Premium,Month-to-month,Yes,127.22,435.4,0,1
57,Basic,Month-to-month,Yes,87.04,1010.7,1,1
28,Premium,Month-to-month,No,80.23,2727.5,1,0
53,Basic,One-year,Yes,25.9,1035.3,0,0
66,Standard,One-year,Yes,57.7,2719.9,1,1
76,Basic,Month-to-month,Yes,141.03,1158.0,1,1
56,Standard,Month-to-month,Yes,70.94,4244.6,1,0
57,Standard,Month-to-month,Yes,91.07,1986.4,1,0
52,Basic,One-year,Yes,89.16,1227.8,0,0
71,Standard,Month-to-month,No,96.76,4061.6,0,1
51,Standard,Month-to-month,Yes,27.97,1714.2,0,0
72,Standard,Two-year,Yes,67.08,557.4,1,1
64,Standard,Month-to-month,Yes,114.01,2852.0,0,0
41,Basic,Month-to-month,Yes,46.07,2907.8,0,1
71,Standard,One-year,Yes,46.47,3573.5,0,0
39,Premium,One-year,Yes,21.31,1201.1,0,0
22,Premium,One-year,Yes,76.87,2218.9,0,0
73,Premium,Month-to-month,Yes,134.76,1411.8,0,1
50,Basic,Month-to-month,No,26.75,404.8,0,1
75,Standard,One-year,Yes,44.85,4383.1,0,0
53,Standard,Month-to-month,Yes,60.31,3644.3,1,1
64,Basic,One-year,Yes,115.12,1507.3,0,0
37,Premium,Two-year,No,103.28,2996.9,1,0
36,Standard,Two-year,Yes,74.07,1006.3,0,0
52,Basic,Month-to-month,Yes,118.68,4451.2,1,0
69,Basic,Month-to-month,No,99.25,574.5,0,1
60,Premium,Month-to-month,Yes,136.49,19.2,0,1
34,Basic,One-year,Yes,126.34,2510.0,0,1
79,Basic,Month-to-month,Yes,52.87,2915.6,0,1
76,Standard,Month-to-month,Yes,55.29,2894.8,0,1
62,Basic,Month-to-month,No,36.3,272.6,1,1
60,Premium,Month-to-month,Yes,63.81,1570.2,0,0
51,Standard,Month-to-month,Yes,149.94,2496.0,0,0
26,Standard,Month-to-month,No,72.75,1082.9,0,1
43,Premium,One-year,Yes,48.66,4363.1,1,0
19,Standard,Month-to-month,Yes,119.12,435.5,1,1
70,Basic,Month-to-month,Yes,90.52,2436.9,0,1
26,Standard,One-year,Yes,39.45,3457.1,1,0
26,Standard,One-year,Yes,69.49,1308.8,0,0
57,Basic,Month-to-month,No,73.88,3121.2,1,1
34,Standard,Month-to-month,Yes,118.0,4146.9,2,1
18,Premium,One-year,Yes,22.69,951.7,0,0
42,Standard,Month-to-month,Yes,54.97,4586.1,0,0
78,Premium,Month-to-month,Yes,87.29,2767.8,0,0
60,Standard,Month-to-month,Yes,54.95,1496.2,1,0
57,Standard,Month-to-month,Yes,101.7,2154.3,0,0
59,Premium,Month-to-month,No,82.64,1561.0,0,1
42,Basic,Two-year,Yes,67.02,3625.6,0,1
56,Basic,One-year,Yes,143.4,3981.5,0,0
52,Standard,Month-to-month,Yes,102.18,4164.7,1,0
20,Standard,Month-to-month,Yes,36.89,4928.8,1,1
67,Basic,One-year,Yes,92.81,3956.4,1,1
54,Basic,Month-to-month,Yes,121.5,3006.9,1,1
61,Basic,Month-to-month,Yes,112.1,1696.1,1,1
61,Standard,One-year,No,42.37,2723.0,0,0
68,Premium,Two-year,Yes,146.41,205.3,1,1
47,Premium,Month-to-month,Yes,78.35,3724.1,0,1
55,Standard,One-year,Yes,40.67,2229.8,1,0
51,Premium,Month-to-month,Yes,43.43,100.1,0,0
29,Standard,Month-to-month,Yes,32.77,312.5,0,1
36,Basic,Month-to-month,Yes,124.46,1937.3,1,1
54,Basic,One-year,Yes,35.86,2917.1,1,1
61,Standard,One-year,Yes,36.27,2321.0,0,0
76,Basic,One-year,Yes,130.56,3096.0,1,0
76,Standard,Month-to-month,Yes,64.8,2401.5,1,1
66,Standard,Month-to-month,Yes,24.01,3308.5,0,0
78,Standard,Month-to-month,No,26.75,1095.6,0,0
34,Premium,Month-to-month,Yes,38.48,564.2,0,0
27,Standard,Month-to-month,Yes,47.74,2982.2,2,0
74,Basic,Two-year,Yes,106.47,2423.4,0,0
72,Standard,One-year,No,40.45,134.3,1,1
66,Standard,Month-to-month,Yes,35.45,1902.4,0,0
64,Basic,Month-to-month,Yes,119.41,530.6,4,1
29,Basic,Month-to-month,Yes,107.24,2656.8,0,0
79,Standard,One-year,Yes,76.59,1978.9,0,1
33,Premium,One-year,Yes,91.41,3065.8,0,0
41,Standard,One-year,Yes,60.56,4028.0,1,0
36,Premium,Month-to-month,Yes,82.73,1498.3,4,0
25,Premium,Month-to-month,Yes,85.87,4810.5,1,1
48,Basic,Two-year,Yes,70.34,2678.2,0,0
38,Standard,Two-year,Yes,137.85,3091.5,2,0
34,Standard,Month-to-month,Yes,22.09,3403.4,0,0
40,Basic,Month-to-month,Yes,121.68,3333.7,1,0
54,Standard,Month-to-month,No,36.17,2554.9,1,0
71,Standard,Two-year,Yes,123.68,2143.8,0,0
33,Basic,One-year,Yes,100.07,268.9,0,1
23,Premium,One-year,Yes,129.63,110.4,0,0
25,Standard,Month-to-month,Yes,32.68,1789.8,0,0
42,Premium,Month-to-month,Yes,92.67,1668.3,1,1
35,Basic,Month-to-month,Yes,85.14,1938.5,0,1
42,Premium,Two-year,No,111.81,691.8,0,1
29,Basic,Month-to-month,Yes,89.46,3690.8,0,0
32,Basic,One-year,Yes,90.3,4284.8,1,1
76,Standard,Month-to-month,No,75.85,4693.6,1,0
43,Standard,Two-year,No,60.15,2461.8,0,0
58,Standard,One-year,Yes,82.69,3504.3,0,0
62,Standard,Month-to-month,Yes,35.4,4277.8,0,0
43,Basic,Two-year,Yes,145.0,2091.5,1,0
64,Standard,Month-to-month,Yes,112.87,1547.1,1,1
49,Standard,Month-to-month,Yes,143.82,4683.6,2,1
27,Standard,Month-to-month,Yes,49.47,2578.4,0,0
33,Standard,Two-year,No,134.31,2486.3,1,0
24,Premium,Two-year,Yes,125.14,892.1,0,1
34,Standard,Month-to-month,Yes,108.03,540.8,0,0
40,Standard,One-year,Yes,101.25,4210.5,1,1
43,Premium,One-year,Yes,61.15,3070.7,0,0
38,Standard,One-year,Yes,126.13,1629.1,0,0
39,Basic,Month-to-month,Yes,85.2,958.7,1,1
75,Basic,Month-to-month,Yes,29.22,2777.5,0,0
24,Standard,One-year,Yes,60.67,2919.6,0,0
31,Basic,Month-to-month,Yes,141.59,1035.0,1,0
32,Standard,Month-to-month,Yes,130.59,4257.0,1,1
70,Basic,One-year,Yes,147.65,421.3,1,1
24,Basic,Month-to-month,Yes,101.64,1780.5,0,1
26,Standard,Two-year,Yes,52.18,3401.9,0,0
68,Premium,Month-to-month,Yes,41.17,1370.6,0,1
65,Standard,Two-year,Yes,44.3,4138.4,0,0
25,Premium,Month-to-month,Yes,22.57,3699.3,1,0
67,Premium,Month-to-month,Yes,70.79,3945.1,1,0
76,Basic,Month-to-month,Yes,44.89,595.5,0,0
40,Basic,One-year,No,73.52,702.7,0,0
46,Standard,One-year,Yes,141.55,1432.4,0,0
35,Premium,Month-to-month,Yes,75.97,2590.4,0,0
48,Standard,Month-to-month,Yes,134.14,3740.1,1,1
47,Premium,One-year,Yes,98.72,4182.7,0,0
69,Basic,Month-to-month,Yes,52.13,3521.7,2,0
56,Basic,One-year,No,66.26,4643.0,1,1
52,Standard,Month-to-month,No,30.91,3693.7,2,0
35,Standard,One-year,Yes,63.35,1531.3,1,1
76,Basic,One-year,No,108.08,1325.4,1,1
59,Basic,Two-year,Yes,29.37,3481.0,0,0
56,Basic,One-year,Yes,46.7,964.4,0,0
34,Standard,Month-to-month,Yes,69.59,463.6,2,0
31,Premium,Month-to-month,Yes,147.67,2661.1,1,0
48,Premium,One-year,Yes,122.03,4108.2,0,0
41,Standard,Month-to-month,Yes,115.35,506.9,0,1
52,Standard,Two-year,Yes,35.1,3959.5,1,0
61,Standard,One-year,Yes,121.53,4057.9,0,1
77,Basic,Month-to-month,Yes,122.08,2411.4,2,0
62,Basic,Month-to-month,Yes,98.14,286.6,1,1
51,Basic,Month-to-month,Yes,148.75,872.9,0,1
